OSrXXb,rllt__details,rllt__details 2,rllt__details 3,yYlJEf href,BSaJxc,yYlJEf href 2,UbRuwe
AIB Bank,"100, 101 Grafton Street · (01) 671 3011",⋅ Opens 10 a.m. Wed,Closed,https://branches.aib.ie/dublin/dublin-city/100/101-grafton-street?utm_source=google&utm_medium=yext&y_source=1_NDc1NDE0MDgtNzE1LWxvY2F0aW9uLndlYnNpdGU%3D,Website,https://www.google.com/search?q=aib+bank+in+dublin&sca_esv=574165402&biw=1711&bih=790&tbm=lcl&ei=xNwuZcv5JLimhbIPs7aYqAw&ved=0ahUKEwjL65uB5f2BAxU4U0EAHTMbBsUQ4dUDCAk&uact=5&oq=aib+bank+in+dublin&gs_lp=Eg1nd3Mtd2l6LWxvY2FsIhJhaWIgYmFuayBpbiBkdWJsaW4yBRAAGIAEMggQABiKBRiRAjIFEAAYgAQyBBAAGB4yBhAAGAUYHjICECYyAhAmMgIQJjICECYyAhAmSNEJUKUHWKUHcAB4AJABAJgBmQKgAegDqgEDMi0yuAEDyAEA-AEBwgIHEAAYDRiABMICBhAAGB4YDcICCBAAGIoFGIYDiAYB&sclient=gws-wiz-local#,Directions
AIB Bank,7/12 Dame St · (01) 679 3211,⋅ Opens 10 a.m. Wed,Closed,https://branches.aib.ie/dublin/dublin-city/7/12-dame-street?utm_source=google&utm_medium=yext&y_source=1_NDc1NDE0MDYtNzE1LWxvY2F0aW9uLndlYnNpdGU%3D,Website,https://www.google.com/search?q=aib+bank+in+dublin&sca_esv=574165402&biw=1711&bih=790&tbm=lcl&ei=xNwuZcv5JLimhbIPs7aYqAw&ved=0ahUKEwjL65uB5f2BAxU4U0EAHTMbBsUQ4dUDCAk&uact=5&oq=aib+bank+in+dublin&gs_lp=Eg1nd3Mtd2l6LWxvY2FsIhJhaWIgYmFuayBpbiBkdWJsaW4yBRAAGIAEMggQABiKBRiRAjIFEAAYgAQyBBAAGB4yBhAAGAUYHjICECYyAhAmMgIQJjICECYyAhAmSNEJUKUHWKUHcAB4AJABAJgBmQKgAegDqgEDMi0yuAEDyAEA-AEBwgIHEAAYDRiABMICBhAAGB4YDcICCBAAGIoFGIYDiAYB&sclient=gws-wiz-local#,Directions
AIB IFSC,Dublin 1 · (01) 829 1880,⋅ Opens 10 a.m. Wed,Closed,https://aib.ie/branches/centraldublin/ifsc,Website,https://www.google.com/search?q=aib+bank+in+dublin&sca_esv=574165402&biw=1711&bih=790&tbm=lcl&ei=xNwuZcv5JLimhbIPs7aYqAw&ved=0ahUKEwjL65uB5f2BAxU4U0EAHTMbBsUQ4dUDCAk&uact=5&oq=aib+bank+in+dublin&gs_lp=Eg1nd3Mtd2l6LWxvY2FsIhJhaWIgYmFuayBpbiBkdWJsaW4yBRAAGIAEMggQABiKBRiRAjIFEAAYgAQyBBAAGB4yBhAAGAUYHjICECYyAhAmMgIQJjICECYyAhAmSNEJUKUHWKUHcAB4AJABAJgBmQKgAegDqgEDMi0yuAEDyAEA-AEBwgIHEAAYDRiABMICBhAAGB4YDcICCBAAGIoFGIYDiAYB&sclient=gws-wiz-local#,Directions
AIB Bank,61 Richmond St S · (01) 478 4533,⋅ Opens 10 a.m. Wed,Closed,https://branches.aib.ie/dublin/dublin-city/61-south-richmond-street?utm_source=google&utm_medium=yext&y_source=1_NDc1NDE0MTAtNzE1LWxvY2F0aW9uLndlYnNpdGU%3D,Website,https://www.google.com/search?q=aib+bank+in+dublin&sca_esv=574165402&biw=1711&bih=790&tbm=lcl&ei=xNwuZcv5JLimhbIPs7aYqAw&ved=0ahUKEwjL65uB5f2BAxU4U0EAHTMbBsUQ4dUDCAk&uact=5&oq=aib+bank+in+dublin&gs_lp=Eg1nd3Mtd2l6LWxvY2FsIhJhaWIgYmFuayBpbiBkdWJsaW4yBRAAGIAEMggQABiKBRiRAjIFEAAYgAQyBBAAGB4yBhAAGAUYHjICECYyAhAmMgIQJjICECYyAhAmSNEJUKUHWKUHcAB4AJABAJgBmQKgAegDqgEDMi0yuAEDyAEA-AEBwgIHEAAYDRiABMICBhAAGB4YDcICCBAAGIoFGIYDiAYB&sclient=gws-wiz-local#,Directions
AIB Bank,"126, 128 Capel St · (01) 872 1022",⋅ Opens 10 a.m. Wed,Closed,https://branches.aib.ie/dublin/dublin-city/126/128-capel-street?utm_source=google&utm_medium=yext&y_source=1_NDc1NDEzOTYtNzE1LWxvY2F0aW9uLndlYnNpdGU%3D,Website,https://www.google.com/search?q=aib+bank+in+dublin&sca_esv=574165402&biw=1711&bih=790&tbm=lcl&ei=xNwuZcv5JLimhbIPs7aYqAw&ved=0ahUKEwjL65uB5f2BAxU4U0EAHTMbBsUQ4dUDCAk&uact=5&oq=aib+bank+in+dublin&gs_lp=Eg1nd3Mtd2l6LWxvY2FsIhJhaWIgYmFuayBpbiBkdWJsaW4yBRAAGIAEMggQABiKBRiRAjIFEAAYgAQyBBAAGB4yBhAAGAUYHjICECYyAhAmMgIQJjICECYyAhAmSNEJUKUHWKUHcAB4AJABAJgBmQKgAegDqgEDMi0yuAEDyAEA-AEBwgIHEAAYDRiABMICBhAAGB4YDcICCBAAGIoFGIYDiAYB&sclient=gws-wiz-local#,Directions
AIB Bank,"Cabra, County Dublin · (01) 868 0071",⋅ Opens 10 a.m. Wed,Closed,https://branches.aib.ie/dublin/cabra/93a-cabra-road?utm_source=google&utm_medium=yext&y_source=1_NDc1NDE0MTktNzE1LWxvY2F0aW9uLndlYnNpdGU%3D,Website,https://www.google.com/search?q=aib+bank+in+dublin&sca_esv=574165402&biw=1711&bih=790&tbm=lcl&ei=xNwuZcv5JLimhbIPs7aYqAw&ved=0ahUKEwjL65uB5f2BAxU4U0EAHTMbBsUQ4dUDCAk&uact=5&oq=aib+bank+in+dublin&gs_lp=Eg1nd3Mtd2l6LWxvY2FsIhJhaWIgYmFuayBpbiBkdWJsaW4yBRAAGIAEMggQABiKBRiRAjIFEAAYgAQyBBAAGB4yBhAAGAUYHjICECYyAhAmMgIQJjICECYyAhAmSNEJUKUHWKUHcAB4AJABAJgBmQKgAegDqgEDMi0yuAEDyAEA-AEBwgIHEAAYDRiABMICBhAAGB4YDcICCBAAGIoFGIYDiAYB&sclient=gws-wiz-local#,Directions
AIB Bank,"1, 4 Baggot Street Lower · (01) 661 0188",⋅ Opens 10 a.m. Wed,Closed,https://branches.aib.ie/dublin/dublin-city/1/4-lower-baggot-street?utm_source=google&utm_medium=yext&y_source=1_NDc1NDE0MDktNzE1LWxvY2F0aW9uLndlYnNpdGU%3D,Website,https://www.google.com/search?q=aib+bank+in+dublin&sca_esv=574165402&biw=1711&bih=790&tbm=lcl&ei=xNwuZcv5JLimhbIPs7aYqAw&ved=0ahUKEwjL65uB5f2BAxU4U0EAHTMbBsUQ4dUDCAk&uact=5&oq=aib+bank+in+dublin&gs_lp=Eg1nd3Mtd2l6LWxvY2FsIhJhaWIgYmFuayBpbiBkdWJsaW4yBRAAGIAEMggQABiKBRiRAjIFEAAYgAQyBBAAGB4yBhAAGAUYHjICECYyAhAmMgIQJjICECYyAhAmSNEJUKUHWKUHcAB4AJABAJgBmQKgAegDqgEDMi0yuAEDyAEA-AEBwgIHEAAYDRiABMICBhAAGB4YDcICCBAAGIoFGIYDiAYB&sclient=gws-wiz-local#,Directions
AIB Bank,Dublin 11 · (01) 834 1200,⋅ Opens 10 a.m. Wed,Closed,https://branches.aib.ie/dublin/finglas/53/54-main-street?utm_source=google&utm_medium=yext&y_source=1_NDc1NDEzOTktNzE1LWxvY2F0aW9uLndlYnNpdGU%3D,Website,https://www.google.com/search?q=aib+bank+in+dublin&sca_esv=574165402&biw=1711&bih=790&tbm=lcl&ei=xNwuZcv5JLimhbIPs7aYqAw&ved=0ahUKEwjL65uB5f2BAxU4U0EAHTMbBsUQ4dUDCAk&uact=5&oq=aib+bank+in+dublin&gs_lp=Eg1nd3Mtd2l6LWxvY2FsIhJhaWIgYmFuayBpbiBkdWJsaW4yBRAAGIAEMggQABiKBRiRAjIFEAAYgAQyBBAAGB4yBhAAGAUYHjICECYyAhAmMgIQJjICECYyAhAmSNEJUKUHWKUHcAB4AJABAJgBmQKgAegDqgEDMi0yuAEDyAEA-AEBwgIHEAAYDRiABMICBhAAGB4YDcICCBAAGIoFGIYDiAYB&sclient=gws-wiz-local#,Directions
AIB Bank,County Dublin · (01) 455 6833,⋅ Opens 10 a.m. Wed,Closed,https://branches.aib.ie/dublin/crumlin/219-crumlin-road?utm_source=google&utm_medium=yext&y_source=1_NDc1NDEzODEtNzE1LWxvY2F0aW9uLndlYnNpdGU%3D,Website,https://www.google.com/search?q=aib+bank+in+dublin&sca_esv=574165402&biw=1711&bih=790&tbm=lcl&ei=xNwuZcv5JLimhbIPs7aYqAw&ved=0ahUKEwjL65uB5f2BAxU4U0EAHTMbBsUQ4dUDCAk&uact=5&oq=aib+bank+in+dublin&gs_lp=Eg1nd3Mtd2l6LWxvY2FsIhJhaWIgYmFuayBpbiBkdWJsaW4yBRAAGIAEMggQABiKBRiRAjIFEAAYgAQyBBAAGB4yBhAAGAUYHjICECYyAhAmMgIQJjICECYyAhAmSNEJUKUHWKUHcAB4AJABAJgBmQKgAegDqgEDMi0yuAEDyAEA-AEBwgIHEAAYDRiABMICBhAAGB4YDcICCBAAGIoFGIYDiAYB&sclient=gws-wiz-local#,Directions
AIB Bank,Dublin 9 · (01) 837 3756,⋅ Opens 10 a.m. Wed,Closed,https://branches.aib.ie/dublin/drumcondra/140-lower-drumcondra-road?utm_source=google&utm_medium=yext&y_source=1_NDc1NDE0MjAtNzE1LWxvY2F0aW9uLndlYnNpdGU%3D,Website,https://www.google.com/search?q=aib+bank+in+dublin&sca_esv=574165402&biw=1711&bih=790&tbm=lcl&ei=xNwuZcv5JLimhbIPs7aYqAw&ved=0ahUKEwjL65uB5f2BAxU4U0EAHTMbBsUQ4dUDCAk&uact=5&oq=aib+bank+in+dublin&gs_lp=Eg1nd3Mtd2l6LWxvY2FsIhJhaWIgYmFuayBpbiBkdWJsaW4yBRAAGIAEMggQABiKBRiRAjIFEAAYgAQyBBAAGB4yBhAAGAUYHjICECYyAhAmMgIQJjICECYyAhAmSNEJUKUHWKUHcAB4AJABAJgBmQKgAegDqgEDMi0yuAEDyAEA-AEBwgIHEAAYDRiABMICBhAAGB4YDcICCBAAGIoFGIYDiAYB&sclient=gws-wiz-local#,Directions
AIB Bank,Dublin 6 · (01) 497 3336,⋅ Opens 10 a.m. Wed,Closed,https://branches.aib.ie/dublin/ranelagh/40/42-ranelagh?utm_source=google&utm_medium=yext&y_source=1_NDc1NDE0MTctNzE1LWxvY2F0aW9uLndlYnNpdGU%3D,Website,https://www.google.com/search?q=aib+bank+in+dublin&sca_esv=574165402&biw=1711&bih=790&tbm=lcl&ei=xNwuZcv5JLimhbIPs7aYqAw&ved=0ahUKEwjL65uB5f2BAxU4U0EAHTMbBsUQ4dUDCAk&uact=5&oq=aib+bank+in+dublin&gs_lp=Eg1nd3Mtd2l6LWxvY2FsIhJhaWIgYmFuayBpbiBkdWJsaW4yBRAAGIAEMggQABiKBRiRAjIFEAAYgAQyBBAAGB4yBhAAGAUYHjICECYyAhAmMgIQJjICECYyAhAmSNEJUKUHWKUHcAB4AJABAJgBmQKgAegDqgEDMi0yuAEDyAEA-AEBwgIHEAAYDRiABMICBhAAGB4YDcICCBAAGIoFGIYDiAYB&sclient=gws-wiz-local#,Directions
AIB Bank,County Dublin · (01) 821 2566,⋅ Opens 10 a.m. Wed,Closed,https://branches.aib.ie/dublin/blanchardstown/west-end-retail-park?utm_source=google&utm_medium=yext&y_source=1_NDc1NDE0MDItNzE1LWxvY2F0aW9uLndlYnNpdGU%3D,Website,https://www.google.com/search?q=aib+bank+in+dublin&sca_esv=574165402&biw=1711&bih=790&tbm=lcl&ei=xNwuZcv5JLimhbIPs7aYqAw&ved=0ahUKEwjL65uB5f2BAxU4U0EAHTMbBsUQ4dUDCAk&uact=5&oq=aib+bank+in+dublin&gs_lp=Eg1nd3Mtd2l6LWxvY2FsIhJhaWIgYmFuayBpbiBkdWJsaW4yBRAAGIAEMggQABiKBRiRAjIFEAAYgAQyBBAAGB4yBhAAGAUYHjICECYyAhAmMgIQJjICECYyAhAmSNEJUKUHWKUHcAB4AJABAJgBmQKgAegDqgEDMi0yuAEDyAEA-AEBwgIHEAAYDRiABMICBhAAGB4YDcICCBAAGIoFGIYDiAYB&sclient=gws-wiz-local#,Directions
AIB Bank,2 Hanover Quay · (01) 604 0034,⋅ Opens 10 a.m. Wed,Closed,https://branches.aib.ie/dublin/dublin-city/2-hanover-quay-grand-canal-dock?y_source=1_MTAwMTM0MTM0Ny03MTUtbG9jYXRpb24ud2Vic2l0ZQ%3D%3D,Website,https://www.google.com/search?q=aib+bank+in+dublin&sca_esv=574165402&biw=1711&bih=790&tbm=lcl&ei=xNwuZcv5JLimhbIPs7aYqAw&ved=0ahUKEwjL65uB5f2BAxU4U0EAHTMbBsUQ4dUDCAk&uact=5&oq=aib+bank+in+dublin&gs_lp=Eg1nd3Mtd2l6LWxvY2FsIhJhaWIgYmFuayBpbiBkdWJsaW4yBRAAGIAEMggQABiKBRiRAjIFEAAYgAQyBBAAGB4yBhAAGAUYHjICECYyAhAmMgIQJjICECYyAhAmSNEJUKUHWKUHcAB4AJABAJgBmQKgAegDqgEDMi0yuAEDyAEA-AEBwgIHEAAYDRiABMICBhAAGB4YDcICCBAAGIoFGIYDiAYB&sclient=gws-wiz-local#,Directions
AIB Bank,Dublin 9 · (01) 842 6477,⋅ Opens 10 a.m. Wed,Closed,https://branches.aib.ie/dublin/santry/swords-road?utm_source=google&utm_medium=yext&y_source=1_NDc1NDE0MjEtNzE1LWxvY2F0aW9uLndlYnNpdGU%3D,Website,https://www.google.com/search?q=aib+bank+in+dublin&sca_esv=574165402&biw=1711&bih=790&tbm=lcl&ei=xNwuZcv5JLimhbIPs7aYqAw&ved=0ahUKEwjL65uB5f2BAxU4U0EAHTMbBsUQ4dUDCAk&uact=5&oq=aib+bank+in+dublin&gs_lp=Eg1nd3Mtd2l6LWxvY2FsIhJhaWIgYmFuayBpbiBkdWJsaW4yBRAAGIAEMggQABiKBRiRAjIFEAAYgAQyBBAAGB4yBhAAGAUYHjICECYyAhAmMgIQJjICECYyAhAmSNEJUKUHWKUHcAB4AJABAJgBmQKgAegDqgEDMi0yuAEDyAEA-AEBwgIHEAAYDRiABMICBhAAGB4YDcICCBAAGIoFGIYDiAYB&sclient=gws-wiz-local#,Directions
AIB Bank,Naas Rd · (01) 403 4284,⋅ Opens 10 a.m. Wed,Closed,https://branches.aib.ie/dublin/ballymount/naas-road-business-centre?utm_source=google&utm_medium=yext&y_source=1_NDc1NDEzOTItNzE1LWxvY2F0aW9uLndlYnNpdGU%3D,Website,https://www.google.com/search?q=aib+bank+in+dublin&sca_esv=574165402&biw=1711&bih=790&tbm=lcl&ei=xNwuZcv5JLimhbIPs7aYqAw&ved=0ahUKEwjL65uB5f2BAxU4U0EAHTMbBsUQ4dUDCAk&uact=5&oq=aib+bank+in+dublin&gs_lp=Eg1nd3Mtd2l6LWxvY2FsIhJhaWIgYmFuayBpbiBkdWJsaW4yBRAAGIAEMggQABiKBRiRAjIFEAAYgAQyBBAAGB4yBhAAGAUYHjICECYyAhAmMgIQJjICECYyAhAmSNEJUKUHWKUHcAB4AJABAJgBmQKgAegDqgEDMi0yuAEDyAEA-AEBwgIHEAAYDRiABMICBhAAGB4YDcICCBAAGIoFGIYDiAYB&sclient=gws-wiz-local#,Directions
AIB Bank,"Artane, County Dublin · (01) 831 8466",⋅ Opens 10 a.m. Wed,Closed,https://branches.aib.ie/dublin/artane/62-st-brigids-road?utm_source=google&utm_medium=yext&y_source=1_NDc1NDE0MTYtNzE1LWxvY2F0aW9uLndlYnNpdGU%3D,Website,https://www.google.com/search?q=aib+bank+in+dublin&sca_esv=574165402&biw=1711&bih=790&tbm=lcl&ei=xNwuZcv5JLimhbIPs7aYqAw&ved=0ahUKEwjL65uB5f2BAxU4U0EAHTMbBsUQ4dUDCAk&uact=5&oq=aib+bank+in+dublin&gs_lp=Eg1nd3Mtd2l6LWxvY2FsIhJhaWIgYmFuayBpbiBkdWJsaW4yBRAAGIAEMggQABiKBRiRAjIFEAAYgAQyBBAAGB4yBhAAGAUYHjICECYyAhAmMgIQJjICECYyAhAmSNEJUKUHWKUHcAB4AJABAJgBmQKgAegDqgEDMi0yuAEDyAEA-AEBwgIHEAAYDRiABMICBhAAGB4YDcICCBAAGIoFGIYDiAYB&sclient=gws-wiz-local#,Directions
AIB Bank,"Sandymount, County Dublin · (01) 668 4116",⋅ Opens 10 a.m. Wed,Closed,https://branches.aib.ie/dublin/sandymount/98-sandymount-road?utm_source=google&utm_medium=yext&y_source=1_NDc1NDE0OTMtNzE1LWxvY2F0aW9uLndlYnNpdGU%3D,Website,https://www.google.com/search?q=aib+bank+in+dublin&sca_esv=574165402&biw=1711&bih=790&tbm=lcl&ei=xNwuZcv5JLimhbIPs7aYqAw&ved=0ahUKEwjL65uB5f2BAxU4U0EAHTMbBsUQ4dUDCAk&uact=5&oq=aib+bank+in+dublin&gs_lp=Eg1nd3Mtd2l6LWxvY2FsIhJhaWIgYmFuayBpbiBkdWJsaW4yBRAAGIAEMggQABiKBRiRAjIFEAAYgAQyBBAAGB4yBhAAGAUYHjICECYyAhAmMgIQJjICECYyAhAmSNEJUKUHWKUHcAB4AJABAJgBmQKgAegDqgEDMi0yuAEDyAEA-AEBwgIHEAAYDRiABMICBhAAGB4YDcICCBAAGIoFGIYDiAYB&sclient=gws-wiz-local#,Directions
AIB Bank,Dublin 11 · (01) 842 0285,⋅ Opens 10 a.m. Wed,Closed,https://aib.ie/branches/northdublin/ballymun,Website,https://www.google.com/search?q=aib+bank+in+dublin&sca_esv=574165402&biw=1711&bih=790&tbm=lcl&ei=xNwuZcv5JLimhbIPs7aYqAw&ved=0ahUKEwjL65uB5f2BAxU4U0EAHTMbBsUQ4dUDCAk&uact=5&oq=aib+bank+in+dublin&gs_lp=Eg1nd3Mtd2l6LWxvY2FsIhJhaWIgYmFuayBpbiBkdWJsaW4yBRAAGIAEMggQABiKBRiRAjIFEAAYgAQyBBAAGB4yBhAAGAUYHjICECYyAhAmMgIQJjICECYyAhAmSNEJUKUHWKUHcAB4AJABAJgBmQKgAegDqgEDMi0yuAEDyAEA-AEBwgIHEAAYDRiABMICBhAAGB4YDcICCBAAGIoFGIYDiAYB&sclient=gws-wiz-local#,Directions
AIB Bank,"Clonskeagh, County Dublin · (01) 269 4622",⋅ Opens 10 a.m. Wed,Closed,https://branches.aib.ie/dublin/clonskeagh/60-clonskeagh-road?utm_source=google&utm_medium=yext&y_source=1_NDc1NDEzNzUtNzE1LWxvY2F0aW9uLndlYnNpdGU%3D,Website,https://www.google.com/search?q=aib+bank+in+dublin&sca_esv=574165402&biw=1711&bih=790&tbm=lcl&ei=xNwuZcv5JLimhbIPs7aYqAw&ved=0ahUKEwjL65uB5f2BAxU4U0EAHTMbBsUQ4dUDCAk&uact=5&oq=aib+bank+in+dublin&gs_lp=Eg1nd3Mtd2l6LWxvY2FsIhJhaWIgYmFuayBpbiBkdWJsaW4yBRAAGIAEMggQABiKBRiRAjIFEAAYgAQyBBAAGB4yBhAAGAUYHjICECYyAhAmMgIQJjICECYyAhAmSNEJUKUHWKUHcAB4AJABAJgBmQKgAegDqgEDMi0yuAEDyAEA-AEBwgIHEAAYDRiABMICBhAAGB4YDcICCBAAGIoFGIYDiAYB&sclient=gws-wiz-local#,Directions
AIB Bank,Dublin 6 · (01) 497 5741,⋅ Opens 10 a.m. Wed,Closed,https://branches.aib.ie/dublin/rathgar/9-terenure-road-east?utm_source=google&utm_medium=yext&y_source=1_NDc1NDE0MTgtNzE1LWxvY2F0aW9uLndlYnNpdGU%3D,Website,https://www.google.com/search?q=aib+bank+in+dublin&sca_esv=574165402&biw=1711&bih=790&tbm=lcl&ei=xNwuZcv5JLimhbIPs7aYqAw&ved=0ahUKEwjL65uB5f2BAxU4U0EAHTMbBsUQ4dUDCAk&uact=5&oq=aib+bank+in+dublin&gs_lp=Eg1nd3Mtd2l6LWxvY2FsIhJhaWIgYmFuayBpbiBkdWJsaW4yBRAAGIAEMggQABiKBRiRAjIFEAAYgAQyBBAAGB4yBhAAGAUYHjICECYyAhAmMgIQJjICECYyAhAmSNEJUKUHWKUHcAB4AJABAJgBmQKgAegDqgEDMi0yuAEDyAEA-AEBwgIHEAAYDRiABMICBhAAGB4YDcICCBAAGIoFGIYDiAYB&sclient=gws-wiz-local#,Directions
AIB Bank,Dublin 24 · (01) 451 2811,⋅ Opens 10 a.m. Wed,Closed,https://branches.aib.ie/dublin/tallaght/old-bawn-road?utm_source=google&utm_medium=yext&y_source=1_NDc1NDE0MTEtNzE1LWxvY2F0aW9uLndlYnNpdGU%3D,Website,https://www.google.com/search?q=aib+bank+in+dublin&sca_esv=574165402&biw=1711&bih=790&tbm=lcl&ei=xNwuZcv5JLimhbIPs7aYqAw&ved=0ahUKEwjL65uB5f2BAxU4U0EAHTMbBsUQ4dUDCAk&uact=5&oq=aib+bank+in+dublin&gs_lp=Eg1nd3Mtd2l6LWxvY2FsIhJhaWIgYmFuayBpbiBkdWJsaW4yBRAAGIAEMggQABiKBRiRAjIFEAAYgAQyBBAAGB4yBhAAGAUYHjICECYyAhAmMgIQJjICECYyAhAmSNEJUKUHWKUHcAB4AJABAJgBmQKgAegDqgEDMi0yuAEDyAEA-AEBwgIHEAAYDRiABMICBhAAGB4YDcICCBAAGIoFGIYDiAYB&sclient=gws-wiz-local#,Directions
AIB Bank,Dublin 5 · (01) 831 4166,⋅ Opens 10 a.m. Wed,Closed,https://branches.aib.ie/dublin/raheny/howth-road-clontarf-east?utm_source=google&utm_medium=yext&y_source=1_NDc1NDEzOTQtNzE1LWxvY2F0aW9uLndlYnNpdGU%3D,Website,https://www.google.com/search?q=aib+bank+in+dublin&sca_esv=574165402&biw=1711&bih=790&tbm=lcl&ei=xNwuZcv5JLimhbIPs7aYqAw&ved=0ahUKEwjL65uB5f2BAxU4U0EAHTMbBsUQ4dUDCAk&uact=5&oq=aib+bank+in+dublin&gs_lp=Eg1nd3Mtd2l6LWxvY2FsIhJhaWIgYmFuayBpbiBkdWJsaW4yBRAAGIAEMggQABiKBRiRAjIFEAAYgAQyBBAAGB4yBhAAGAUYHjICECYyAhAmMgIQJjICECYyAhAmSNEJUKUHWKUHcAB4AJABAJgBmQKgAegDqgEDMi0yuAEDyAEA-AEBwgIHEAAYDRiABMICBhAAGB4YDcICCBAAGIoFGIYDiAYB&sclient=gws-wiz-local#,Directions
AIB ATM Capel Street,"AIB Bank Exterior Wall, 126 Capel Street, 126/128 Capel St · (0818) 724 724",Open 24 hours,,https://aib.ie/?atmsearch,Website,https://www.google.com/search?q=aib+bank+in+dublin&sca_esv=574165402&biw=1711&bih=790&tbm=lcl&ei=xNwuZcv5JLimhbIPs7aYqAw&ved=0ahUKEwjL65uB5f2BAxU4U0EAHTMbBsUQ4dUDCAk&uact=5&oq=aib+bank+in+dublin&gs_lp=Eg1nd3Mtd2l6LWxvY2FsIhJhaWIgYmFuayBpbiBkdWJsaW4yBRAAGIAEMggQABiKBRiRAjIFEAAYgAQyBBAAGB4yBhAAGAUYHjICECYyAhAmMgIQJjICECYyAhAmSNEJUKUHWKUHcAB4AJABAJgBmQKgAegDqgEDMi0yuAEDyAEA-AEBwgIHEAAYDRiABMICBhAAGB4YDcICCBAAGIoFGIYDiAYB&sclient=gws-wiz-local#,Directions
AIB Bank,"Dundrum, County Dublin · (01) 298 3777",⋅ Opens 10 a.m. Wed,Closed,https://branches.aib.ie/dublin/dundrum/10-main-street?utm_source=google&utm_medium=yext&y_source=1_NDc1NDE0MjQtNzE1LWxvY2F0aW9uLndlYnNpdGU%3D,Website,https://www.google.com/search?q=aib+bank+in+dublin&sca_esv=574165402&biw=1711&bih=790&tbm=lcl&ei=xNwuZcv5JLimhbIPs7aYqAw&ved=0ahUKEwjL65uB5f2BAxU4U0EAHTMbBsUQ4dUDCAk&uact=5&oq=aib+bank+in+dublin&gs_lp=Eg1nd3Mtd2l6LWxvY2FsIhJhaWIgYmFuayBpbiBkdWJsaW4yBRAAGIAEMggQABiKBRiRAjIFEAAYgAQyBBAAGB4yBhAAGAUYHjICECYyAhAmMgIQJjICECYyAhAmSNEJUKUHWKUHcAB4AJABAJgBmQKgAegDqgEDMi0yuAEDyAEA-AEBwgIHEAAYDRiABMICBhAAGB4YDcICCBAAGIoFGIYDiAYB&sclient=gws-wiz-local#,Directions
AIB Bank,County Dublin · (01) 288 5371,⋅ Opens 10 a.m. Wed,Closed,https://branches.aib.ie/dublin/stillorgan/the-plaza-lower-kilmacud-road?utm_source=google&utm_medium=yext&y_source=1_NDc1NDE0OTktNzE1LWxvY2F0aW9uLndlYnNpdGU%3D,Website,https://www.google.com/search?q=aib+bank+in+dublin&sca_esv=574165402&biw=1711&bih=790&tbm=lcl&ei=xNwuZcv5JLimhbIPs7aYqAw&ved=0ahUKEwjL65uB5f2BAxU4U0EAHTMbBsUQ4dUDCAk&uact=5&oq=aib+bank+in+dublin&gs_lp=Eg1nd3Mtd2l6LWxvY2FsIhJhaWIgYmFuayBpbiBkdWJsaW4yBRAAGIAEMggQABiKBRiRAjIFEAAYgAQyBBAAGB4yBhAAGAUYHjICECYyAhAmMgIQJjICECYyAhAmSNEJUKUHWKUHcAB4AJABAJgBmQKgAegDqgEDMi0yuAEDyAEA-AEBwgIHEAAYDRiABMICBhAAGB4YDcICCBAAGIoFGIYDiAYB&sclient=gws-wiz-local#,Directions
AIB Bank,Dublin 18 · (01) 289 5590,⋅ Opens 10 a.m. Wed,Closed,https://branches.aib.ie/dublin/cornelscourt/old-bray-road?utm_source=google&utm_medium=yext&y_source=1_NDc1NDE0MDQtNzE1LWxvY2F0aW9uLndlYnNpdGU%3D,Website,https://www.google.com/search?q=aib+bank+in+dublin&sca_esv=574165402&biw=1711&bih=790&tbm=lcl&ei=xNwuZcv5JLimhbIPs7aYqAw&ved=0ahUKEwjL65uB5f2BAxU4U0EAHTMbBsUQ4dUDCAk&uact=5&oq=aib+bank+in+dublin&gs_lp=Eg1nd3Mtd2l6LWxvY2FsIhJhaWIgYmFuayBpbiBkdWJsaW4yBRAAGIAEMggQABiKBRiRAjIFEAAYgAQyBBAAGB4yBhAAGAUYHjICECYyAhAmMgIQJjICECYyAhAmSNEJUKUHWKUHcAB4AJABAJgBmQKgAegDqgEDMi0yuAEDyAEA-AEBwgIHEAAYDRiABMICBhAAGB4YDcICCBAAGIoFGIYDiAYB&sclient=gws-wiz-local#,Directions
AIB Bank,"TU Dublin, Aungier St · (01) 475 9654",,Temporarily closed,https://branches.aib.ie/dublin/dublin-city/tu-dublin-aungier-street?utm_source=google&utm_medium=yext&y_source=1_NDc1NDE0MDctNzE1LWxvY2F0aW9uLndlYnNpdGU%3D,Website,https://www.google.com/search?q=aib+bank+in+dublin&sca_esv=574165402&biw=1711&bih=790&tbm=lcl&ei=xNwuZcv5JLimhbIPs7aYqAw&ved=0ahUKEwjL65uB5f2BAxU4U0EAHTMbBsUQ4dUDCAk&uact=5&oq=aib+bank+in+dublin&gs_lp=Eg1nd3Mtd2l6LWxvY2FsIhJhaWIgYmFuayBpbiBkdWJsaW4yBRAAGIAEMggQABiKBRiRAjIFEAAYgAQyBBAAGB4yBhAAGAUYHjICECYyAhAmMgIQJjICECYyAhAmSNEJUKUHWKUHcAB4AJABAJgBmQKgAegDqgEDMi0yuAEDyAEA-AEBwgIHEAAYDRiABMICBhAAGB4YDcICCBAAGIoFGIYDiAYB&sclient=gws-wiz-local#,Directions
AIB Bank,"Clondalkin, County Dublin · (01) 457 4811",⋅ Opens 10 a.m. Wed,Closed,https://branches.aib.ie/dublin/clondalkin/45/46-tower-road?utm_source=google&utm_medium=yext&y_source=1_NDc1NDEzNzMtNzE1LWxvY2F0aW9uLndlYnNpdGU%3D,Website,https://www.google.com/search?q=aib+bank+in+dublin&sca_esv=574165402&biw=1711&bih=790&tbm=lcl&ei=xNwuZcv5JLimhbIPs7aYqAw&ved=0ahUKEwjL65uB5f2BAxU4U0EAHTMbBsUQ4dUDCAk&uact=5&oq=aib+bank+in+dublin&gs_lp=Eg1nd3Mtd2l6LWxvY2FsIhJhaWIgYmFuayBpbiBkdWJsaW4yBRAAGIAEMggQABiKBRiRAjIFEAAYgAQyBBAAGB4yBhAAGAUYHjICECYyAhAmMgIQJjICECYyAhAmSNEJUKUHWKUHcAB4AJABAJgBmQKgAegDqgEDMi0yuAEDyAEA-AEBwgIHEAAYDRiABMICBhAAGB4YDcICCBAAGIoFGIYDiAYB&sclient=gws-wiz-local#,Directions
AIB Bank,County Dublin · 086 029 2225,⋅ Opens 10 a.m. Wed,Closed,https://branches.aib.ie/dublin/dundrum/unit-24-level-1-dundrum-town-centre?utm_source=google&utm_medium=yext&y_source=1_NDc1NDE0MjUtNzE1LWxvY2F0aW9uLndlYnNpdGU%3D,Website,https://www.google.com/search?q=aib+bank+in+dublin&sca_esv=574165402&biw=1711&bih=790&tbm=lcl&ei=xNwuZcv5JLimhbIPs7aYqAw&ved=0ahUKEwjL65uB5f2BAxU4U0EAHTMbBsUQ4dUDCAk&uact=5&oq=aib+bank+in+dublin&gs_lp=Eg1nd3Mtd2l6LWxvY2FsIhJhaWIgYmFuayBpbiBkdWJsaW4yBRAAGIAEMggQABiKBRiRAjIFEAAYgAQyBBAAGB4yBhAAGAUYHjICECYyAhAmMgIQJjICECYyAhAmSNEJUKUHWKUHcAB4AJABAJgBmQKgAegDqgEDMi0yuAEDyAEA-AEBwgIHEAAYDRiABMICBhAAGB4YDcICCBAAGIoFGIYDiAYB&sclient=gws-wiz-local#,Directions
AIB ATM Phibsborough S.C,"Phibsborough Shopping Centre, Phibsborough Rd · (0818) 724 724",Open 24 hours,,https://aib.ie/?atmsearch,Website,https://www.google.com/search?q=aib+bank+in+dublin&sca_esv=574165402&biw=1711&bih=790&tbm=lcl&ei=xNwuZcv5JLimhbIPs7aYqAw&ved=0ahUKEwjL65uB5f2BAxU4U0EAHTMbBsUQ4dUDCAk&uact=5&oq=aib+bank+in+dublin&gs_lp=Eg1nd3Mtd2l6LWxvY2FsIhJhaWIgYmFuayBpbiBkdWJsaW4yBRAAGIAEMggQABiKBRiRAjIFEAAYgAQyBBAAGB4yBhAAGAUYHjICECYyAhAmMgIQJjICECYyAhAmSNEJUKUHWKUHcAB4AJABAJgBmQKgAegDqgEDMi0yuAEDyAEA-AEBwgIHEAAYDRiABMICBhAAGB4YDcICCBAAGIoFGIYDiAYB&sclient=gws-wiz-local#,Directions
AIB ATM,Dublin 8 · (0818) 724 724,⋅ Opens 10 a.m. Wed,Closed,https://aib.ie/?atmsearch,Website,https://www.google.com/search?q=aib+bank+in+dublin&sca_esv=574165402&biw=1711&bih=790&tbm=lcl&ei=xNwuZcv5JLimhbIPs7aYqAw&ved=0ahUKEwjL65uB5f2BAxU4U0EAHTMbBsUQ4dUDCAk&uact=5&oq=aib+bank+in+dublin&gs_lp=Eg1nd3Mtd2l6LWxvY2FsIhJhaWIgYmFuayBpbiBkdWJsaW4yBRAAGIAEMggQABiKBRiRAjIFEAAYgAQyBBAAGB4yBhAAGAUYHjICECYyAhAmMgIQJjICECYyAhAmSNEJUKUHWKUHcAB4AJABAJgBmQKgAegDqgEDMi0yuAEDyAEA-AEBwgIHEAAYDRiABMICBhAAGB4YDcICCBAAGIoFGIYDiAYB&sclient=gws-wiz-local#,Directions
AIB ATM,"TU Dublin, Bolton Street, Bolton St · (0818) 724 724",Open 24 hours,,https://aib.ie/?atmsearch,Website,https://www.google.com/search?q=aib+bank+in+dublin&sca_esv=574165402&biw=1711&bih=790&tbm=lcl&ei=xNwuZcv5JLimhbIPs7aYqAw&ved=0ahUKEwjL65uB5f2BAxU4U0EAHTMbBsUQ4dUDCAk&uact=5&oq=aib+bank+in+dublin&gs_lp=Eg1nd3Mtd2l6LWxvY2FsIhJhaWIgYmFuayBpbiBkdWJsaW4yBRAAGIAEMggQABiKBRiRAjIFEAAYgAQyBBAAGB4yBhAAGAUYHjICECYyAhAmMgIQJjICECYyAhAmSNEJUKUHWKUHcAB4AJABAJgBmQKgAegDqgEDMi0yuAEDyAEA-AEBwgIHEAAYDRiABMICBhAAGB4YDcICCBAAGIoFGIYDiAYB&sclient=gws-wiz-local#,Directions
AIB Bank,"Excise Walk, Clarion Quay · (01) 829 1880",⋅ Opens 10 a.m. Wed,Closed,https://branches.aib.ie/dublin/dublin-city/excise-walk-north-dock-i.f.s.c?utm_source=google&utm_medium=yext&y_source=1_NDc1NDEzOTEtNzE1LWxvY2F0aW9uLndlYnNpdGU%3D,Website,https://www.google.com/search?q=aib+bank+in+dublin&sca_esv=574165402&biw=1711&bih=790&tbm=lcl&ei=xNwuZcv5JLimhbIPs7aYqAw&ved=0ahUKEwjL65uB5f2BAxU4U0EAHTMbBsUQ4dUDCAk&uact=5&oq=aib+bank+in+dublin&gs_lp=Eg1nd3Mtd2l6LWxvY2FsIhJhaWIgYmFuayBpbiBkdWJsaW4yBRAAGIAEMggQABiKBRiRAjIFEAAYgAQyBBAAGB4yBhAAGAUYHjICECYyAhAmMgIQJjICECYyAhAmSNEJUKUHWKUHcAB4AJABAJgBmQKgAegDqgEDMi0yuAEDyAEA-AEBwgIHEAAYDRiABMICBhAAGB4YDcICCBAAGIoFGIYDiAYB&sclient=gws-wiz-local#,Directions
AIB ATM,Dublin 2 · (0818) 724 724,Open 24 hours,,https://aib.ie/?atmsearch,Website,https://www.google.com/search?q=aib+bank+in+dublin&sca_esv=574165402&biw=1711&bih=790&tbm=lcl&ei=xNwuZcv5JLimhbIPs7aYqAw&ved=0ahUKEwjL65uB5f2BAxU4U0EAHTMbBsUQ4dUDCAk&uact=5&oq=aib+bank+in+dublin&gs_lp=Eg1nd3Mtd2l6LWxvY2FsIhJhaWIgYmFuayBpbiBkdWJsaW4yBRAAGIAEMggQABiKBRiRAjIFEAAYgAQyBBAAGB4yBhAAGAUYHjICECYyAhAmMgIQJjICECYyAhAmSNEJUKUHWKUHcAB4AJABAJgBmQKgAegDqgEDMi0yuAEDyAEA-AEBwgIHEAAYDRiABMICBhAAGB4YDcICCBAAGIoFGIYDiAYB&sclient=gws-wiz-local#,Directions
AIB ATM,Dublin · (0818) 724 724,Open 24 hours,,https://aib.ie/?atmsearch,Website,https://www.google.com/search?q=aib+bank+in+dublin&sca_esv=574165402&biw=1711&bih=790&tbm=lcl&ei=xNwuZcv5JLimhbIPs7aYqAw&ved=0ahUKEwjL65uB5f2BAxU4U0EAHTMbBsUQ4dUDCAk&uact=5&oq=aib+bank+in+dublin&gs_lp=Eg1nd3Mtd2l6LWxvY2FsIhJhaWIgYmFuayBpbiBkdWJsaW4yBRAAGIAEMggQABiKBRiRAjIFEAAYgAQyBBAAGB4yBhAAGAUYHjICECYyAhAmMgIQJjICECYyAhAmSNEJUKUHWKUHcAB4AJABAJgBmQKgAegDqgEDMi0yuAEDyAEA-AEBwgIHEAAYDRiABMICBhAAGB4YDcICCBAAGIoFGIYDiAYB&sclient=gws-wiz-local#,Directions
AIB Bank,"Blackrock, County Dublin · (01) 288 0705",⋅ Opens 10 a.m. Wed,Closed,https://branches.aib.ie/dublin/blackrock/frascati-centre?utm_source=google&utm_medium=yext&y_source=1_NDc1NDEzNDYtNzE1LWxvY2F0aW9uLndlYnNpdGU%3D,Website,https://www.google.com/search?q=aib+bank+in+dublin&sca_esv=574165402&biw=1711&bih=790&tbm=lcl&ei=xNwuZcv5JLimhbIPs7aYqAw&ved=0ahUKEwjL65uB5f2BAxU4U0EAHTMbBsUQ4dUDCAk&uact=5&oq=aib+bank+in+dublin&gs_lp=Eg1nd3Mtd2l6LWxvY2FsIhJhaWIgYmFuayBpbiBkdWJsaW4yBRAAGIAEMggQABiKBRiRAjIFEAAYgAQyBBAAGB4yBhAAGAUYHjICECYyAhAmMgIQJjICECYyAhAmSNEJUKUHWKUHcAB4AJABAJgBmQKgAegDqgEDMi0yuAEDyAEA-AEBwgIHEAAYDRiABMICBhAAGB4YDcICCBAAGIoFGIYDiAYB&sclient=gws-wiz-local#,Directions
AIB ATM,"Inside Costcutter Express, 35 Dorset Street Lower · (0818) 724 724",⋅ 9 p.m.,Closes soon,https://aib.ie/?atmsearch,Website,https://www.google.com/search?q=aib+bank+in+dublin&sca_esv=574165402&biw=1711&bih=790&tbm=lcl&ei=xNwuZcv5JLimhbIPs7aYqAw&ved=0ahUKEwjL65uB5f2BAxU4U0EAHTMbBsUQ4dUDCAk&uact=5&oq=aib+bank+in+dublin&gs_lp=Eg1nd3Mtd2l6LWxvY2FsIhJhaWIgYmFuayBpbiBkdWJsaW4yBRAAGIAEMggQABiKBRiRAjIFEAAYgAQyBBAAGB4yBhAAGAUYHjICECYyAhAmMgIQJjICECYyAhAmSNEJUKUHWKUHcAB4AJABAJgBmQKgAegDqgEDMi0yuAEDyAEA-AEBwgIHEAAYDRiABMICBhAAGB4YDcICCBAAGIoFGIYDiAYB&sclient=gws-wiz-local#,Directions
AIB ATM,Dublin 12 · (0818) 724 724,Open ⋅ Closes 10 p.m.,,https://aib.ie/?atmsearch,Website,https://www.google.com/search?q=aib+bank+in+dublin&sca_esv=574165402&biw=1711&bih=790&tbm=lcl&ei=xNwuZcv5JLimhbIPs7aYqAw&ved=0ahUKEwjL65uB5f2BAxU4U0EAHTMbBsUQ4dUDCAk&uact=5&oq=aib+bank+in+dublin&gs_lp=Eg1nd3Mtd2l6LWxvY2FsIhJhaWIgYmFuayBpbiBkdWJsaW4yBRAAGIAEMggQABiKBRiRAjIFEAAYgAQyBBAAGB4yBhAAGAUYHjICECYyAhAmMgIQJjICECYyAhAmSNEJUKUHWKUHcAB4AJABAJgBmQKgAegDqgEDMi0yuAEDyAEA-AEBwgIHEAAYDRiABMICBhAAGB4YDcICCBAAGIoFGIYDiAYB&sclient=gws-wiz-local#,Directions
AIB Bank,County Dublin · (01) 811 1130,,Temporarily closed,https://branches.aib.ie/dublin/blanchardstown/snugboro-road?utm_source=google&utm_medium=yext&y_source=1_NDc1NDE0MDMtNzE1LWxvY2F0aW9uLndlYnNpdGU%3D,Website,https://www.google.com/search?q=aib+bank+in+dublin&sca_esv=574165402&biw=1711&bih=790&tbm=lcl&ei=xNwuZcv5JLimhbIPs7aYqAw&ved=0ahUKEwjL65uB5f2BAxU4U0EAHTMbBsUQ4dUDCAk&uact=5&oq=aib+bank+in+dublin&gs_lp=Eg1nd3Mtd2l6LWxvY2FsIhJhaWIgYmFuayBpbiBkdWJsaW4yBRAAGIAEMggQABiKBRiRAjIFEAAYgAQyBBAAGB4yBhAAGAUYHjICECYyAhAmMgIQJjICECYyAhAmSNEJUKUHWKUHcAB4AJABAJgBmQKgAegDqgEDMi0yuAEDyAEA-AEBwgIHEAAYDRiABMICBhAAGB4YDcICCBAAGIoFGIYDiAYB&sclient=gws-wiz-local#,Directions
AIB Self Service Lobby,Dublin 2,⋅ 9 p.m.,Closes soon,http://personal.aib.ie/,Website,https://www.google.com/search?q=aib+bank+in+dublin&sca_esv=574165402&biw=1711&bih=790&tbm=lcl&ei=xNwuZcv5JLimhbIPs7aYqAw&ved=0ahUKEwjL65uB5f2BAxU4U0EAHTMbBsUQ4dUDCAk&uact=5&oq=aib+bank+in+dublin&gs_lp=Eg1nd3Mtd2l6LWxvY2FsIhJhaWIgYmFuayBpbiBkdWJsaW4yBRAAGIAEMggQABiKBRiRAjIFEAAYgAQyBBAAGB4yBhAAGAUYHjICECYyAhAmMgIQJjICECYyAhAmSNEJUKUHWKUHcAB4AJABAJgBmQKgAegDqgEDMi0yuAEDyAEA-AEBwgIHEAAYDRiABMICBhAAGB4YDcICCBAAGIoFGIYDiAYB&sclient=gws-wiz-local#,Directions
AIB ATM Navan Road,Dublin · (0818) 724 724,Open 24 hours,,https://aib.ie/?atmsearch,Website,https://www.google.com/search?q=aib+bank+in+dublin&sca_esv=574165402&biw=1711&bih=790&tbm=lcl&ei=xNwuZcv5JLimhbIPs7aYqAw&ved=0ahUKEwjL65uB5f2BAxU4U0EAHTMbBsUQ4dUDCAk&uact=5&oq=aib+bank+in+dublin&gs_lp=Eg1nd3Mtd2l6LWxvY2FsIhJhaWIgYmFuayBpbiBkdWJsaW4yBRAAGIAEMggQABiKBRiRAjIFEAAYgAQyBBAAGB4yBhAAGAUYHjICECYyAhAmMgIQJjICECYyAhAmSNEJUKUHWKUHcAB4AJABAJgBmQKgAegDqgEDMi0yuAEDyAEA-AEBwgIHEAAYDRiABMICBhAAGB4YDcICCBAAGIoFGIYDiAYB&sclient=gws-wiz-local#,Directions
AIB ATM Artane,Dublin 5 · (01) 831 8466,Open 24 hours,,https://aib.ie/?atmsearch,Website,https://www.google.com/search?q=aib+bank+in+dublin&sca_esv=574165402&biw=1711&bih=790&tbm=lcl&ei=xNwuZcv5JLimhbIPs7aYqAw&ved=0ahUKEwjL65uB5f2BAxU4U0EAHTMbBsUQ4dUDCAk&uact=5&oq=aib+bank+in+dublin&gs_lp=Eg1nd3Mtd2l6LWxvY2FsIhJhaWIgYmFuayBpbiBkdWJsaW4yBRAAGIAEMggQABiKBRiRAjIFEAAYgAQyBBAAGB4yBhAAGAUYHjICECYyAhAmMgIQJjICECYyAhAmSNEJUKUHWKUHcAB4AJABAJgBmQKgAegDqgEDMi0yuAEDyAEA-AEBwgIHEAAYDRiABMICBhAAGB4YDcICCBAAGIoFGIYDiAYB&sclient=gws-wiz-local#,Directions
AIB Bank,37/38 O'Connell Street Upper · (01) 873 1188,,Temporarily closed,https://aib.ie/branches/centraldublin/oconnell-street?utm_source=google&utm_medium=yext&y_source=1_NDc1NDEzOTMtNzE1LWxvY2F0aW9uLndlYnNpdGU%3D,Website,https://www.google.com/search?q=aib+bank+in+dublin&sca_esv=574165402&biw=1711&bih=790&tbm=lcl&ei=xNwuZcv5JLimhbIPs7aYqAw&ved=0ahUKEwjL65uB5f2BAxU4U0EAHTMbBsUQ4dUDCAk&uact=5&oq=aib+bank+in+dublin&gs_lp=Eg1nd3Mtd2l6LWxvY2FsIhJhaWIgYmFuayBpbiBkdWJsaW4yBRAAGIAEMggQABiKBRiRAjIFEAAYgAQyBBAAGB4yBhAAGAUYHjICECYyAhAmMgIQJjICECYyAhAmSNEJUKUHWKUHcAB4AJABAJgBmQKgAegDqgEDMi0yuAEDyAEA-AEBwgIHEAAYDRiABMICBhAAGB4YDcICCBAAGIoFGIYDiAYB&sclient=gws-wiz-local#,Directions
AIB ATM,Dublin · (0818) 724 724,Open ⋅ Closes 11 p.m.,,https://aib.ie/?atmsearch,Website,https://www.google.com/search?q=aib+bank+in+dublin&sca_esv=574165402&biw=1711&bih=790&tbm=lcl&ei=xNwuZcv5JLimhbIPs7aYqAw&ved=0ahUKEwjL65uB5f2BAxU4U0EAHTMbBsUQ4dUDCAk&uact=5&oq=aib+bank+in+dublin&gs_lp=Eg1nd3Mtd2l6LWxvY2FsIhJhaWIgYmFuayBpbiBkdWJsaW4yBRAAGIAEMggQABiKBRiRAjIFEAAYgAQyBBAAGB4yBhAAGAUYHjICECYyAhAmMgIQJjICECYyAhAmSNEJUKUHWKUHcAB4AJABAJgBmQKgAegDqgEDMi0yuAEDyAEA-AEBwgIHEAAYDRiABMICBhAAGB4YDcICCBAAGIoFGIYDiAYB&sclient=gws-wiz-local#,Directions
AIB Bank,"Dún Laoghaire, County Dublin · (01) 284 4055",⋅ Opens 10 a.m. Wed,Closed,https://branches.aib.ie/dublin/dun-laoghaire/upper-georges-street?utm_source=google&utm_medium=yext&y_source=1_NDc1NDEzODgtNzE1LWxvY2F0aW9uLndlYnNpdGU%3D,Website,https://www.google.com/search?q=aib+bank+in+dublin&sca_esv=574165402&biw=1711&bih=790&tbm=lcl&ei=xNwuZcv5JLimhbIPs7aYqAw&ved=0ahUKEwjL65uB5f2BAxU4U0EAHTMbBsUQ4dUDCAk&uact=5&oq=aib+bank+in+dublin&gs_lp=Eg1nd3Mtd2l6LWxvY2FsIhJhaWIgYmFuayBpbiBkdWJsaW4yBRAAGIAEMggQABiKBRiRAjIFEAAYgAQyBBAAGB4yBhAAGAUYHjICECYyAhAmMgIQJjICECYyAhAmSNEJUKUHWKUHcAB4AJABAJgBmQKgAegDqgEDMi0yuAEDyAEA-AEBwgIHEAAYDRiABMICBhAAGB4YDcICCBAAGIoFGIYDiAYB&sclient=gws-wiz-local#,Directions
AIB ATM Blanchardstown,Dublin · (0818) 724 724,Open 24 hours,,https://aib.ie/?atmsearch,Website,https://www.google.com/search?q=aib+bank+in+dublin&sca_esv=574165402&biw=1711&bih=790&tbm=lcl&ei=xNwuZcv5JLimhbIPs7aYqAw&ved=0ahUKEwjL65uB5f2BAxU4U0EAHTMbBsUQ4dUDCAk&uact=5&oq=aib+bank+in+dublin&gs_lp=Eg1nd3Mtd2l6LWxvY2FsIhJhaWIgYmFuayBpbiBkdWJsaW4yBRAAGIAEMggQABiKBRiRAjIFEAAYgAQyBBAAGB4yBhAAGAUYHjICECYyAhAmMgIQJjICECYyAhAmSNEJUKUHWKUHcAB4AJABAJgBmQKgAegDqgEDMi0yuAEDyAEA-AEBwgIHEAAYDRiABMICBhAAGB4YDcICCBAAGIoFGIYDiAYB&sclient=gws-wiz-local#,Directions
AIB ATM Charlestown S.C,Dublin · (0818) 724 724,⋅ Opens 9 a.m. Wed,Closed,https://aib.ie/?atmsearch,Website,https://www.google.com/search?q=aib+bank+in+dublin&sca_esv=574165402&biw=1711&bih=790&tbm=lcl&ei=xNwuZcv5JLimhbIPs7aYqAw&ved=0ahUKEwjL65uB5f2BAxU4U0EAHTMbBsUQ4dUDCAk&uact=5&oq=aib+bank+in+dublin&gs_lp=Eg1nd3Mtd2l6LWxvY2FsIhJhaWIgYmFuayBpbiBkdWJsaW4yBRAAGIAEMggQABiKBRiRAjIFEAAYgAQyBBAAGB4yBhAAGAUYHjICECYyAhAmMgIQJjICECYyAhAmSNEJUKUHWKUHcAB4AJABAJgBmQKgAegDqgEDMi0yuAEDyAEA-AEBwgIHEAAYDRiABMICBhAAGB4YDcICCBAAGIoFGIYDiAYB&sclient=gws-wiz-local#,Directions
AIB ATM Finglas - Main Street,Dublin 11 · (0818) 724 724,Open 24 hours,,https://aib.ie/?atmsearch,Website,https://www.google.com/search?q=aib+bank+in+dublin&sca_esv=574165402&biw=1711&bih=790&tbm=lcl&ei=xNwuZcv5JLimhbIPs7aYqAw&ved=0ahUKEwjL65uB5f2BAxU4U0EAHTMbBsUQ4dUDCAk&uact=5&oq=aib+bank+in+dublin&gs_lp=Eg1nd3Mtd2l6LWxvY2FsIhJhaWIgYmFuayBpbiBkdWJsaW4yBRAAGIAEMggQABiKBRiRAjIFEAAYgAQyBBAAGB4yBhAAGAUYHjICECYyAhAmMgIQJjICECYyAhAmSNEJUKUHWKUHcAB4AJABAJgBmQKgAegDqgEDMi0yuAEDyAEA-AEBwgIHEAAYDRiABMICBhAAGB4YDcICCBAAGIoFGIYDiAYB&sclient=gws-wiz-local#,Directions
AIB ATM,Dublin · (0818) 724 724,Open ⋅ Closes 10 p.m.,,https://aib.ie/?atmsearch,Website,https://www.google.com/search?q=aib+bank+in+dublin&sca_esv=574165402&biw=1711&bih=790&tbm=lcl&ei=xNwuZcv5JLimhbIPs7aYqAw&ved=0ahUKEwjL65uB5f2BAxU4U0EAHTMbBsUQ4dUDCAk&uact=5&oq=aib+bank+in+dublin&gs_lp=Eg1nd3Mtd2l6LWxvY2FsIhJhaWIgYmFuayBpbiBkdWJsaW4yBRAAGIAEMggQABiKBRiRAjIFEAAYgAQyBBAAGB4yBhAAGAUYHjICECYyAhAmMgIQJjICECYyAhAmSNEJUKUHWKUHcAB4AJABAJgBmQKgAegDqgEDMi0yuAEDyAEA-AEBwgIHEAAYDRiABMICBhAAGB4YDcICCBAAGIoFGIYDiAYB&sclient=gws-wiz-local#,Directions
AIB Bank,40 - 41 Westmoreland St · (01) 679 9222,,Temporarily closed,https://aib.ie/branches/centraldublin/westmoreland-street?utm_source=google&utm_medium=yext&y_source=1_NDc1NDEzOTUtNzE1LWxvY2F0aW9uLndlYnNpdGU%3D,Website,https://www.google.com/search?q=aib+bank+in+dublin&sca_esv=574165402&biw=1711&bih=790&tbm=lcl&ei=xNwuZcv5JLimhbIPs7aYqAw&ved=0ahUKEwjL65uB5f2BAxU4U0EAHTMbBsUQ4dUDCAk&uact=5&oq=aib+bank+in+dublin&gs_lp=Eg1nd3Mtd2l6LWxvY2FsIhJhaWIgYmFuayBpbiBkdWJsaW4yBRAAGIAEMggQABiKBRiRAjIFEAAYgAQyBBAAGB4yBhAAGAUYHjICECYyAhAmMgIQJjICECYyAhAmSNEJUKUHWKUHcAB4AJABAJgBmQKgAegDqgEDMi0yuAEDyAEA-AEBwgIHEAAYDRiABMICBhAAGB4YDcICCBAAGIoFGIYDiAYB&sclient=gws-wiz-local#,Directions
AIB Bank,County Dublin · (01) 490 4607,⋅ Opens 10 a.m. Wed,Closed,https://branches.aib.ie/dublin/rathfarnham/6/7-main-street?y_source=1_MTAwMTM0MTM0OC03MTUtbG9jYXRpb24ud2Vic2l0ZQ%3D%3D,Website,https://www.google.com/search?q=aib+bank+in+dublin&sca_esv=574165402&biw=1711&bih=790&tbm=lcl&ei=xNwuZcv5JLimhbIPs7aYqAw&ved=0ahUKEwjL65uB5f2BAxU4U0EAHTMbBsUQ4dUDCAk&uact=5&oq=aib+bank+in+dublin&gs_lp=Eg1nd3Mtd2l6LWxvY2FsIhJhaWIgYmFuayBpbiBkdWJsaW4yBRAAGIAEMggQABiKBRiRAjIFEAAYgAQyBBAAGB4yBhAAGAUYHjICECYyAhAmMgIQJjICECYyAhAmSNEJUKUHWKUHcAB4AJABAJgBmQKgAegDqgEDMi0yuAEDyAEA-AEBwgIHEAAYDRiABMICBhAAGB4YDcICCBAAGIoFGIYDiAYB&sclient=gws-wiz-local#,Directions
AIB Bank,"TU Dublin, Bolton St · (01) 874 0409",,Temporarily closed,https://branches.aib.ie/dublin/dublin-city/tu-dublin-bolton-street?utm_source=google&utm_medium=yext&y_source=1_NDc1NDEzODktNzE1LWxvY2F0aW9uLndlYnNpdGU%3D,Website,https://www.google.com/search?q=aib+bank+in+dublin&sca_esv=574165402&biw=1711&bih=790&tbm=lcl&ei=xNwuZcv5JLimhbIPs7aYqAw&ved=0ahUKEwjL65uB5f2BAxU4U0EAHTMbBsUQ4dUDCAk&uact=5&oq=aib+bank+in+dublin&gs_lp=Eg1nd3Mtd2l6LWxvY2FsIhJhaWIgYmFuayBpbiBkdWJsaW4yBRAAGIAEMggQABiKBRiRAjIFEAAYgAQyBBAAGB4yBhAAGAUYHjICECYyAhAmMgIQJjICECYyAhAmSNEJUKUHWKUHcAB4AJABAJgBmQKgAegDqgEDMi0yuAEDyAEA-AEBwgIHEAAYDRiABMICBhAAGB4YDcICCBAAGIoFGIYDiAYB&sclient=gws-wiz-local#,Directions
AIB ATM Eastpoint Business Park,Dublin 3 · (0818) 724 724,Open 24 hours,,https://aib.ie/?atmsearch,Website,https://www.google.com/search?q=aib+bank+in+dublin&sca_esv=574165402&biw=1711&bih=790&tbm=lcl&ei=xNwuZcv5JLimhbIPs7aYqAw&ved=0ahUKEwjL65uB5f2BAxU4U0EAHTMbBsUQ4dUDCAk&uact=5&oq=aib+bank+in+dublin&gs_lp=Eg1nd3Mtd2l6LWxvY2FsIhJhaWIgYmFuayBpbiBkdWJsaW4yBRAAGIAEMggQABiKBRiRAjIFEAAYgAQyBBAAGB4yBhAAGAUYHjICECYyAhAmMgIQJjICECYyAhAmSNEJUKUHWKUHcAB4AJABAJgBmQKgAegDqgEDMi0yuAEDyAEA-AEBwgIHEAAYDRiABMICBhAAGB4YDcICCBAAGIoFGIYDiAYB&sclient=gws-wiz-local#,Directions
AIB ATM Cabra Road,Dublin · (0818) 724 724,Open 24 hours,,https://aib.ie/?atmsearch,Website,https://www.google.com/search?q=aib+bank+in+dublin&sca_esv=574165402&biw=1711&bih=790&tbm=lcl&ei=xNwuZcv5JLimhbIPs7aYqAw&ved=0ahUKEwjL65uB5f2BAxU4U0EAHTMbBsUQ4dUDCAk&uact=5&oq=aib+bank+in+dublin&gs_lp=Eg1nd3Mtd2l6LWxvY2FsIhJhaWIgYmFuayBpbiBkdWJsaW4yBRAAGIAEMggQABiKBRiRAjIFEAAYgAQyBBAAGB4yBhAAGAUYHjICECYyAhAmMgIQJjICECYyAhAmSNEJUKUHWKUHcAB4AJABAJgBmQKgAegDqgEDMi0yuAEDyAEA-AEBwgIHEAAYDRiABMICBhAAGB4YDcICCBAAGIoFGIYDiAYB&sclient=gws-wiz-local#,Directions
AIB ATM - IKEA,Dublin · (0818) 724 724,⋅ 9 p.m.,Closes soon,https://aib.ie/?atmsearch,Website,https://www.google.com/search?q=aib+bank+in+dublin&sca_esv=574165402&biw=1711&bih=790&tbm=lcl&ei=xNwuZcv5JLimhbIPs7aYqAw&ved=0ahUKEwjL65uB5f2BAxU4U0EAHTMbBsUQ4dUDCAk&uact=5&oq=aib+bank+in+dublin&gs_lp=Eg1nd3Mtd2l6LWxvY2FsIhJhaWIgYmFuayBpbiBkdWJsaW4yBRAAGIAEMggQABiKBRiRAjIFEAAYgAQyBBAAGB4yBhAAGAUYHjICECYyAhAmMgIQJjICECYyAhAmSNEJUKUHWKUHcAB4AJABAJgBmQKgAegDqgEDMi0yuAEDyAEA-AEBwgIHEAAYDRiABMICBhAAGB4YDcICCBAAGIoFGIYDiAYB&sclient=gws-wiz-local#,Directions
AIB,The Park · (01) 290 3700,⋅ Opens 10 a.m. Wed,Closed,https://aib.ie/branches/southdublin/carrickmines,Website,https://www.google.com/search?q=aib+bank+in+dublin&sca_esv=574165402&biw=1711&bih=790&tbm=lcl&ei=xNwuZcv5JLimhbIPs7aYqAw&ved=0ahUKEwjL65uB5f2BAxU4U0EAHTMbBsUQ4dUDCAk&uact=5&oq=aib+bank+in+dublin&gs_lp=Eg1nd3Mtd2l6LWxvY2FsIhJhaWIgYmFuayBpbiBkdWJsaW4yBRAAGIAEMggQABiKBRiRAjIFEAAYgAQyBBAAGB4yBhAAGAUYHjICECYyAhAmMgIQJjICECYyAhAmSNEJUKUHWKUHcAB4AJABAJgBmQKgAegDqgEDMi0yuAEDyAEA-AEBwgIHEAAYDRiABMICBhAAGB4YDcICCBAAGIoFGIYDiAYB&sclient=gws-wiz-local#,Directions
AIB ATM Dame Street,Dublin · (0818) 724 724,Open 24 hours,,https://aib.ie/?atmsearch,Website,https://www.google.com/search?q=aib+bank+in+dublin&sca_esv=574165402&biw=1711&bih=790&tbm=lcl&ei=xNwuZcv5JLimhbIPs7aYqAw&ved=0ahUKEwjL65uB5f2BAxU4U0EAHTMbBsUQ4dUDCAk&uact=5&oq=aib+bank+in+dublin&gs_lp=Eg1nd3Mtd2l6LWxvY2FsIhJhaWIgYmFuayBpbiBkdWJsaW4yBRAAGIAEMggQABiKBRiRAjIFEAAYgAQyBBAAGB4yBhAAGAUYHjICECYyAhAmMgIQJjICECYyAhAmSNEJUKUHWKUHcAB4AJABAJgBmQKgAegDqgEDMi0yuAEDyAEA-AEBwgIHEAAYDRiABMICBhAAGB4YDcICCBAAGIoFGIYDiAYB&sclient=gws-wiz-local#,Directions
AIB ATM Carpenterstown,Dublin · (0818) 724 724,Open 24 hours,,https://aib.ie/?atmsearch,Website,https://www.google.com/search?q=aib+bank+in+dublin&sca_esv=574165402&biw=1711&bih=790&tbm=lcl&ei=xNwuZcv5JLimhbIPs7aYqAw&ved=0ahUKEwjL65uB5f2BAxU4U0EAHTMbBsUQ4dUDCAk&uact=5&oq=aib+bank+in+dublin&gs_lp=Eg1nd3Mtd2l6LWxvY2FsIhJhaWIgYmFuayBpbiBkdWJsaW4yBRAAGIAEMggQABiKBRiRAjIFEAAYgAQyBBAAGB4yBhAAGAUYHjICECYyAhAmMgIQJjICECYyAhAmSNEJUKUHWKUHcAB4AJABAJgBmQKgAegDqgEDMi0yuAEDyAEA-AEBwgIHEAAYDRiABMICBhAAGB4YDcICCBAAGIoFGIYDiAYB&sclient=gws-wiz-local#,Directions
AIB Bank,Dublin · (01) 414 4836,⋅ Opens 10 a.m. Wed,Closed,,,https://www.google.com/search?q=aib+bank+in+dublin&sca_esv=574165402&biw=1711&bih=790&tbm=lcl&ei=xNwuZcv5JLimhbIPs7aYqAw&ved=0ahUKEwjL65uB5f2BAxU4U0EAHTMbBsUQ4dUDCAk&uact=5&oq=aib+bank+in+dublin&gs_lp=Eg1nd3Mtd2l6LWxvY2FsIhJhaWIgYmFuayBpbiBkdWJsaW4yBRAAGIAEMggQABiKBRiRAjIFEAAYgAQyBBAAGB4yBhAAGAUYHjICECYyAhAmMgIQJjICECYyAhAmSNEJUKUHWKUHcAB4AJABAJgBmQKgAegDqgEDMi0yuAEDyAEA-AEBwgIHEAAYDRiABMICBhAAGB4YDcICCBAAGIoFGIYDiAYB&sclient=gws-wiz-local#,Directions
AIB Bank,"AIB Bankcentre, Serpentine Ave · (01) 641 3006",,Temporarily closed,https://aib.ie/branches/southdublin/bankcentre?utm_source=google&utm_medium=yext&y_source=1_NDc1NDE0MTItNzE1LWxvY2F0aW9uLndlYnNpdGU%3D,Website,https://www.google.com/search?q=aib+bank+in+dublin&sca_esv=574165402&biw=1711&bih=790&tbm=lcl&ei=xNwuZcv5JLimhbIPs7aYqAw&ved=0ahUKEwjL65uB5f2BAxU4U0EAHTMbBsUQ4dUDCAk&uact=5&oq=aib+bank+in+dublin&gs_lp=Eg1nd3Mtd2l6LWxvY2FsIhJhaWIgYmFuayBpbiBkdWJsaW4yBRAAGIAEMggQABiKBRiRAjIFEAAYgAQyBBAAGB4yBhAAGAUYHjICECYyAhAmMgIQJjICECYyAhAmSNEJUKUHWKUHcAB4AJABAJgBmQKgAegDqgEDMi0yuAEDyAEA-AEBwgIHEAAYDRiABMICBhAAGB4YDcICCBAAGIoFGIYDiAYB&sclient=gws-wiz-local#,Directions
AIB ATM Aviva Stadium,Dublin · (0818) 724 724,Open 24 hours,,https://aib.ie/?atmsearch,Website,https://www.google.com/search?q=aib+bank+in+dublin&sca_esv=574165402&biw=1711&bih=790&tbm=lcl&ei=xNwuZcv5JLimhbIPs7aYqAw&ved=0ahUKEwjL65uB5f2BAxU4U0EAHTMbBsUQ4dUDCAk&uact=5&oq=aib+bank+in+dublin&gs_lp=Eg1nd3Mtd2l6LWxvY2FsIhJhaWIgYmFuayBpbiBkdWJsaW4yBRAAGIAEMggQABiKBRiRAjIFEAAYgAQyBBAAGB4yBhAAGAUYHjICECYyAhAmMgIQJjICECYyAhAmSNEJUKUHWKUHcAB4AJABAJgBmQKgAegDqgEDMi0yuAEDyAEA-AEBwgIHEAAYDRiABMICBhAAGB4YDcICCBAAGIoFGIYDiAYB&sclient=gws-wiz-local#,Directions
AIB ATM Palmerstown S.C,Dublin · (0818) 724 724,Open 24 hours,,https://aib.ie/?atmsearch,Website,https://www.google.com/search?q=aib+bank+in+dublin&sca_esv=574165402&biw=1711&bih=790&tbm=lcl&ei=xNwuZcv5JLimhbIPs7aYqAw&ved=0ahUKEwjL65uB5f2BAxU4U0EAHTMbBsUQ4dUDCAk&uact=5&oq=aib+bank+in+dublin&gs_lp=Eg1nd3Mtd2l6LWxvY2FsIhJhaWIgYmFuayBpbiBkdWJsaW4yBRAAGIAEMggQABiKBRiRAjIFEAAYgAQyBBAAGB4yBhAAGAUYHjICECYyAhAmMgIQJjICECYyAhAmSNEJUKUHWKUHcAB4AJABAJgBmQKgAegDqgEDMi0yuAEDyAEA-AEBwgIHEAAYDRiABMICBhAAGB4YDcICCBAAGIoFGIYDiAYB&sclient=gws-wiz-local#,Directions
AIB ATM The Square Tallaght,Dublin · (0818) 724 724,⋅ Opens 9 a.m. Wed,Closed,https://aib.ie/?atmsearch,Website,https://www.google.com/search?q=aib+bank+in+dublin&sca_esv=574165402&biw=1711&bih=790&tbm=lcl&ei=xNwuZcv5JLimhbIPs7aYqAw&ved=0ahUKEwjL65uB5f2BAxU4U0EAHTMbBsUQ4dUDCAk&uact=5&oq=aib+bank+in+dublin&gs_lp=Eg1nd3Mtd2l6LWxvY2FsIhJhaWIgYmFuayBpbiBkdWJsaW4yBRAAGIAEMggQABiKBRiRAjIFEAAYgAQyBBAAGB4yBhAAGAUYHjICECYyAhAmMgIQJjICECYyAhAmSNEJUKUHWKUHcAB4AJABAJgBmQKgAegDqgEDMi0yuAEDyAEA-AEBwgIHEAAYDRiABMICBhAAGB4YDcICCBAAGIoFGIYDiAYB&sclient=gws-wiz-local#,Directions
AIB ATM Poppintree Parade,Dublin · (0818) 724 724,Open ⋅ Closes 11 p.m.,,https://aib.ie/?atmsearch,Website,https://www.google.com/search?q=aib+bank+in+dublin&sca_esv=574165402&biw=1711&bih=790&tbm=lcl&ei=xNwuZcv5JLimhbIPs7aYqAw&ved=0ahUKEwjL65uB5f2BAxU4U0EAHTMbBsUQ4dUDCAk&uact=5&oq=aib+bank+in+dublin&gs_lp=Eg1nd3Mtd2l6LWxvY2FsIhJhaWIgYmFuayBpbiBkdWJsaW4yBRAAGIAEMggQABiKBRiRAjIFEAAYgAQyBBAAGB4yBhAAGAUYHjICECYyAhAmMgIQJjICECYyAhAmSNEJUKUHWKUHcAB4AJABAJgBmQKgAegDqgEDMi0yuAEDyAEA-AEBwgIHEAAYDRiABMICBhAAGB4YDcICCBAAGIoFGIYDiAYB&sclient=gws-wiz-local#,Directions
AIB ATM - TU Blanchardstown,"Campus, Block C TU, Blanchardstown, Blanchardstown Rd N · (0818) 724 724",Open 24 hours,,https://aib.ie/?atmsearch,Website,https://www.google.com/search?q=aib+bank+in+dublin&sca_esv=574165402&biw=1711&bih=790&tbm=lcl&ei=xNwuZcv5JLimhbIPs7aYqAw&ved=0ahUKEwjL65uB5f2BAxU4U0EAHTMbBsUQ4dUDCAk&uact=5&oq=aib+bank+in+dublin&gs_lp=Eg1nd3Mtd2l6LWxvY2FsIhJhaWIgYmFuayBpbiBkdWJsaW4yBRAAGIAEMggQABiKBRiRAjIFEAAYgAQyBBAAGB4yBhAAGAUYHjICECYyAhAmMgIQJjICECYyAhAmSNEJUKUHWKUHcAB4AJABAJgBmQKgAegDqgEDMi0yuAEDyAEA-AEBwgIHEAAYDRiABMICBhAAGB4YDcICCBAAGIoFGIYDiAYB&sclient=gws-wiz-local#,Directions
AIB ATM Tallaght Hospital,Dublin · (0818) 724 724,Open 24 hours,,https://aib.ie/?atmsearch,Website,https://www.google.com/search?q=aib+bank+in+dublin&sca_esv=574165402&biw=1711&bih=790&tbm=lcl&ei=xNwuZcv5JLimhbIPs7aYqAw&ved=0ahUKEwjL65uB5f2BAxU4U0EAHTMbBsUQ4dUDCAk&uact=5&oq=aib+bank+in+dublin&gs_lp=Eg1nd3Mtd2l6LWxvY2FsIhJhaWIgYmFuayBpbiBkdWJsaW4yBRAAGIAEMggQABiKBRiRAjIFEAAYgAQyBBAAGB4yBhAAGAUYHjICECYyAhAmMgIQJjICECYyAhAmSNEJUKUHWKUHcAB4AJABAJgBmQKgAegDqgEDMi0yuAEDyAEA-AEBwgIHEAAYDRiABMICBhAAGB4YDcICCBAAGIoFGIYDiAYB&sclient=gws-wiz-local#,Directions
AIB ATM Templeogue,Dublin · (0818) 724 724,Open ⋅ Closes 11 p.m.,,https://aib.ie/?atmsearch,Website,https://www.google.com/search?q=aib+bank+in+dublin&sca_esv=574165402&biw=1711&bih=790&tbm=lcl&ei=xNwuZcv5JLimhbIPs7aYqAw&ved=0ahUKEwjL65uB5f2BAxU4U0EAHTMbBsUQ4dUDCAk&uact=5&oq=aib+bank+in+dublin&gs_lp=Eg1nd3Mtd2l6LWxvY2FsIhJhaWIgYmFuayBpbiBkdWJsaW4yBRAAGIAEMggQABiKBRiRAjIFEAAYgAQyBBAAGB4yBhAAGAUYHjICECYyAhAmMgIQJjICECYyAhAmSNEJUKUHWKUHcAB4AJABAJgBmQKgAegDqgEDMi0yuAEDyAEA-AEBwgIHEAAYDRiABMICBhAAGB4YDcICCBAAGIoFGIYDiAYB&sclient=gws-wiz-local#,Directions
AIB ATM Oscar Traynor Road,Dublin · (0818) 724 724,Open ⋅ Closes 10 p.m.,,https://aib.ie/?atmsearch,Website,https://www.google.com/search?q=aib+bank+in+dublin&sca_esv=574165402&biw=1711&bih=790&tbm=lcl&ei=xNwuZcv5JLimhbIPs7aYqAw&ved=0ahUKEwjL65uB5f2BAxU4U0EAHTMbBsUQ4dUDCAk&uact=5&oq=aib+bank+in+dublin&gs_lp=Eg1nd3Mtd2l6LWxvY2FsIhJhaWIgYmFuayBpbiBkdWJsaW4yBRAAGIAEMggQABiKBRiRAjIFEAAYgAQyBBAAGB4yBhAAGAUYHjICECYyAhAmMgIQJjICECYyAhAmSNEJUKUHWKUHcAB4AJABAJgBmQKgAegDqgEDMi0yuAEDyAEA-AEBwgIHEAAYDRiABMICBhAAGB4YDcICCBAAGIoFGIYDiAYB&sclient=gws-wiz-local#,Directions
AIB ATM McKee Avenue,Dublin 11 · (0818) 724 724,⋅ Opens 8 a.m. Wed,Closed,https://aib.ie/?atmsearch,Website,https://www.google.com/search?q=aib+bank+in+dublin&sca_esv=574165402&biw=1711&bih=790&tbm=lcl&ei=xNwuZcv5JLimhbIPs7aYqAw&ved=0ahUKEwjL65uB5f2BAxU4U0EAHTMbBsUQ4dUDCAk&uact=5&oq=aib+bank+in+dublin&gs_lp=Eg1nd3Mtd2l6LWxvY2FsIhJhaWIgYmFuayBpbiBkdWJsaW4yBRAAGIAEMggQABiKBRiRAjIFEAAYgAQyBBAAGB4yBhAAGAUYHjICECYyAhAmMgIQJjICECYyAhAmSNEJUKUHWKUHcAB4AJABAJgBmQKgAegDqgEDMi0yuAEDyAEA-AEBwgIHEAAYDRiABMICBhAAGB4YDcICCBAAGIoFGIYDiAYB&sclient=gws-wiz-local#,Directions
AIB ATM Naas Road,Dublin · (0818) 724 724,⋅ Opens 10 a.m. Wed,Closed,https://aib.ie/?atmsearch,Website,https://www.google.com/search?q=aib+bank+in+dublin&sca_esv=574165402&biw=1711&bih=790&tbm=lcl&ei=xNwuZcv5JLimhbIPs7aYqAw&ved=0ahUKEwjL65uB5f2BAxU4U0EAHTMbBsUQ4dUDCAk&uact=5&oq=aib+bank+in+dublin&gs_lp=Eg1nd3Mtd2l6LWxvY2FsIhJhaWIgYmFuayBpbiBkdWJsaW4yBRAAGIAEMggQABiKBRiRAjIFEAAYgAQyBBAAGB4yBhAAGAUYHjICECYyAhAmMgIQJjICECYyAhAmSNEJUKUHWKUHcAB4AJABAJgBmQKgAegDqgEDMi0yuAEDyAEA-AEBwgIHEAAYDRiABMICBhAAGB4YDcICCBAAGIoFGIYDiAYB&sclient=gws-wiz-local#,Directions
AIB ATM,"Next to Dunnes Stores, South Great George's Street · (0818) 724 724",Open 24 hours,,https://aib.ie/?atmsearch,Website,https://www.google.com/search?q=aib+bank+in+dublin&sca_esv=574165402&biw=1711&bih=790&tbm=lcl&ei=xNwuZcv5JLimhbIPs7aYqAw&ved=0ahUKEwjL65uB5f2BAxU4U0EAHTMbBsUQ4dUDCAk&uact=5&oq=aib+bank+in+dublin&gs_lp=Eg1nd3Mtd2l6LWxvY2FsIhJhaWIgYmFuayBpbiBkdWJsaW4yBRAAGIAEMggQABiKBRiRAjIFEAAYgAQyBBAAGB4yBhAAGAUYHjICECYyAhAmMgIQJjICECYyAhAmSNEJUKUHWKUHcAB4AJABAJgBmQKgAegDqgEDMi0yuAEDyAEA-AEBwgIHEAAYDRiABMICBhAAGB4YDcICCBAAGIoFGIYDiAYB&sclient=gws-wiz-local#,Directions
AIB ATM,"Beside Tesco, Nutgrove Shopping Centre, 14 Nutgrove Way · (0818) 724 724",⋅ Opens 9 a.m. Wed,Closed,https://aib.ie/?atmsearch,Website,https://www.google.com/search?q=aib+bank+in+dublin&sca_esv=574165402&biw=1711&bih=790&tbm=lcl&ei=xNwuZcv5JLimhbIPs7aYqAw&ved=0ahUKEwjL65uB5f2BAxU4U0EAHTMbBsUQ4dUDCAk&uact=5&oq=aib+bank+in+dublin&gs_lp=Eg1nd3Mtd2l6LWxvY2FsIhJhaWIgYmFuayBpbiBkdWJsaW4yBRAAGIAEMggQABiKBRiRAjIFEAAYgAQyBBAAGB4yBhAAGAUYHjICECYyAhAmMgIQJjICECYyAhAmSNEJUKUHWKUHcAB4AJABAJgBmQKgAegDqgEDMi0yuAEDyAEA-AEBwgIHEAAYDRiABMICBhAAGB4YDcICCBAAGIoFGIYDiAYB&sclient=gws-wiz-local#,Directions
AIB ATM Leisure Plex,Dublin · (0818) 724 724,Open 24 hours,,https://aib.ie/?atmsearch,Website,https://www.google.com/search?q=aib+bank+in+dublin&sca_esv=574165402&biw=1711&bih=790&tbm=lcl&ei=xNwuZcv5JLimhbIPs7aYqAw&ved=0ahUKEwjL65uB5f2BAxU4U0EAHTMbBsUQ4dUDCAk&uact=5&oq=aib+bank+in+dublin&gs_lp=Eg1nd3Mtd2l6LWxvY2FsIhJhaWIgYmFuayBpbiBkdWJsaW4yBRAAGIAEMggQABiKBRiRAjIFEAAYgAQyBBAAGB4yBhAAGAUYHjICECYyAhAmMgIQJjICECYyAhAmSNEJUKUHWKUHcAB4AJABAJgBmQKgAegDqgEDMi0yuAEDyAEA-AEBwgIHEAAYDRiABMICBhAAGB4YDcICCBAAGIoFGIYDiAYB&sclient=gws-wiz-local#,Directions
AIB ATM Springfield Tallaght,Dublin · (0818) 724 724,Open 24 hours,,https://aib.ie/?atmsearch,Website,https://www.google.com/search?q=aib+bank+in+dublin&sca_esv=574165402&biw=1711&bih=790&tbm=lcl&ei=xNwuZcv5JLimhbIPs7aYqAw&ved=0ahUKEwjL65uB5f2BAxU4U0EAHTMbBsUQ4dUDCAk&uact=5&oq=aib+bank+in+dublin&gs_lp=Eg1nd3Mtd2l6LWxvY2FsIhJhaWIgYmFuayBpbiBkdWJsaW4yBRAAGIAEMggQABiKBRiRAjIFEAAYgAQyBBAAGB4yBhAAGAUYHjICECYyAhAmMgIQJjICECYyAhAmSNEJUKUHWKUHcAB4AJABAJgBmQKgAegDqgEDMi0yuAEDyAEA-AEBwgIHEAAYDRiABMICBhAAGB4YDcICCBAAGIoFGIYDiAYB&sclient=gws-wiz-local#,Directions
AIB ATM Neilstown Road,"Inside Supervalue, Chaplain's Court, Neilstown Rd · (0818) 724 724",⋅ Opens 8 a.m. Wed,Closed,https://aib.ie/?atmsearch,Website,https://www.google.com/search?q=aib+bank+in+dublin&sca_esv=574165402&biw=1711&bih=790&tbm=lcl&ei=xNwuZcv5JLimhbIPs7aYqAw&ved=0ahUKEwjL65uB5f2BAxU4U0EAHTMbBsUQ4dUDCAk&uact=5&oq=aib+bank+in+dublin&gs_lp=Eg1nd3Mtd2l6LWxvY2FsIhJhaWIgYmFuayBpbiBkdWJsaW4yBRAAGIAEMggQABiKBRiRAjIFEAAYgAQyBBAAGB4yBhAAGAUYHjICECYyAhAmMgIQJjICECYyAhAmSNEJUKUHWKUHcAB4AJABAJgBmQKgAegDqgEDMi0yuAEDyAEA-AEBwgIHEAAYDRiABMICBhAAGB4YDcICCBAAGIoFGIYDiAYB&sclient=gws-wiz-local#,Directions
AIB ATM,Dublin · (0818) 724 724,⋅ 9 p.m.,Closes soon,https://aib.ie/?atmsearch,Website,https://www.google.com/search?q=aib+bank+in+dublin&sca_esv=574165402&biw=1711&bih=790&tbm=lcl&ei=xNwuZcv5JLimhbIPs7aYqAw&ved=0ahUKEwjL65uB5f2BAxU4U0EAHTMbBsUQ4dUDCAk&uact=5&oq=aib+bank+in+dublin&gs_lp=Eg1nd3Mtd2l6LWxvY2FsIhJhaWIgYmFuayBpbiBkdWJsaW4yBRAAGIAEMggQABiKBRiRAjIFEAAYgAQyBBAAGB4yBhAAGAUYHjICECYyAhAmMgIQJjICECYyAhAmSNEJUKUHWKUHcAB4AJABAJgBmQKgAegDqgEDMi0yuAEDyAEA-AEBwgIHEAAYDRiABMICBhAAGB4YDcICCBAAGIoFGIYDiAYB&sclient=gws-wiz-local#,Directions
AIB ATM Huntstown Way,Dublin · (0818) 724 724,Open ⋅ Closes 10 p.m.,,https://aib.ie/?atmsearch,Website,https://www.google.com/search?q=aib+bank+in+dublin&sca_esv=574165402&biw=1711&bih=790&tbm=lcl&ei=xNwuZcv5JLimhbIPs7aYqAw&ved=0ahUKEwjL65uB5f2BAxU4U0EAHTMbBsUQ4dUDCAk&uact=5&oq=aib+bank+in+dublin&gs_lp=Eg1nd3Mtd2l6LWxvY2FsIhJhaWIgYmFuayBpbiBkdWJsaW4yBRAAGIAEMggQABiKBRiRAjIFEAAYgAQyBBAAGB4yBhAAGAUYHjICECYyAhAmMgIQJjICECYyAhAmSNEJUKUHWKUHcAB4AJABAJgBmQKgAegDqgEDMi0yuAEDyAEA-AEBwgIHEAAYDRiABMICBhAAGB4YDcICCBAAGIoFGIYDiAYB&sclient=gws-wiz-local#,Directions
AIB ATM Cromcastle Road,Dublin · (0818) 724 724,Open ⋅ Closes 10 p.m.,,https://aib.ie/?atmsearch,Website,https://www.google.com/search?q=aib+bank+in+dublin&sca_esv=574165402&biw=1711&bih=790&tbm=lcl&ei=xNwuZcv5JLimhbIPs7aYqAw&ved=0ahUKEwjL65uB5f2BAxU4U0EAHTMbBsUQ4dUDCAk&uact=5&oq=aib+bank+in+dublin&gs_lp=Eg1nd3Mtd2l6LWxvY2FsIhJhaWIgYmFuayBpbiBkdWJsaW4yBRAAGIAEMggQABiKBRiRAjIFEAAYgAQyBBAAGB4yBhAAGAUYHjICECYyAhAmMgIQJjICECYyAhAmSNEJUKUHWKUHcAB4AJABAJgBmQKgAegDqgEDMi0yuAEDyAEA-AEBwgIHEAAYDRiABMICBhAAGB4YDcICCBAAGIoFGIYDiAYB&sclient=gws-wiz-local#,Directions
AIB Bank,Dublin 12 · (01) 456 1700,,Temporarily closed,https://aib.ie/branches/westdublin/crumlin-cross?utm_source=google&utm_medium=yext&y_source=1_NDc1NDE0MDAtNzE1LWxvY2F0aW9uLndlYnNpdGU%3D,Website,https://www.google.com/search?q=aib+bank+in+dublin&sca_esv=574165402&biw=1711&bih=790&tbm=lcl&ei=xNwuZcv5JLimhbIPs7aYqAw&ved=0ahUKEwjL65uB5f2BAxU4U0EAHTMbBsUQ4dUDCAk&uact=5&oq=aib+bank+in+dublin&gs_lp=Eg1nd3Mtd2l6LWxvY2FsIhJhaWIgYmFuayBpbiBkdWJsaW4yBRAAGIAEMggQABiKBRiRAjIFEAAYgAQyBBAAGB4yBhAAGAUYHjICECYyAhAmMgIQJjICECYyAhAmSNEJUKUHWKUHcAB4AJABAJgBmQKgAegDqgEDMi0yuAEDyAEA-AEBwgIHEAAYDRiABMICBhAAGB4YDcICCBAAGIoFGIYDiAYB&sclient=gws-wiz-local#,Directions
AIB ATM Agnes Road Crumlin,219 Crumlin Rd · (0818) 724 724,Open 24 hours,,https://aib.ie/?atmsearch,Website,https://www.google.com/search?q=aib+bank+in+dublin&sca_esv=574165402&biw=1711&bih=790&tbm=lcl&ei=xNwuZcv5JLimhbIPs7aYqAw&ved=0ahUKEwjL65uB5f2BAxU4U0EAHTMbBsUQ4dUDCAk&uact=5&oq=aib+bank+in+dublin&gs_lp=Eg1nd3Mtd2l6LWxvY2FsIhJhaWIgYmFuayBpbiBkdWJsaW4yBRAAGIAEMggQABiKBRiRAjIFEAAYgAQyBBAAGB4yBhAAGAUYHjICECYyAhAmMgIQJjICECYyAhAmSNEJUKUHWKUHcAB4AJABAJgBmQKgAegDqgEDMi0yuAEDyAEA-AEBwgIHEAAYDRiABMICBhAAGB4YDcICCBAAGIoFGIYDiAYB&sclient=gws-wiz-local#,Directions
AIB ATM Lower Kilmacud Road,Dublin · (0818) 724 724,Open 24 hours,,https://aib.ie/?atmsearch,Website,https://www.google.com/search?q=aib+bank+in+dublin&sca_esv=574165402&biw=1711&bih=790&tbm=lcl&ei=xNwuZcv5JLimhbIPs7aYqAw&ved=0ahUKEwjL65uB5f2BAxU4U0EAHTMbBsUQ4dUDCAk&uact=5&oq=aib+bank+in+dublin&gs_lp=Eg1nd3Mtd2l6LWxvY2FsIhJhaWIgYmFuayBpbiBkdWJsaW4yBRAAGIAEMggQABiKBRiRAjIFEAAYgAQyBBAAGB4yBhAAGAUYHjICECYyAhAmMgIQJjICECYyAhAmSNEJUKUHWKUHcAB4AJABAJgBmQKgAegDqgEDMi0yuAEDyAEA-AEBwgIHEAAYDRiABMICBhAAGB4YDcICCBAAGIoFGIYDiAYB&sclient=gws-wiz-local#,Directions
AIB ATM Ranelagh,Dublin · (0818) 724 724,Open 24 hours,,https://aib.ie/?atmsearch,Website,https://www.google.com/search?q=aib+bank+in+dublin&sca_esv=574165402&biw=1711&bih=790&tbm=lcl&ei=xNwuZcv5JLimhbIPs7aYqAw&ved=0ahUKEwjL65uB5f2BAxU4U0EAHTMbBsUQ4dUDCAk&uact=5&oq=aib+bank+in+dublin&gs_lp=Eg1nd3Mtd2l6LWxvY2FsIhJhaWIgYmFuayBpbiBkdWJsaW4yBRAAGIAEMggQABiKBRiRAjIFEAAYgAQyBBAAGB4yBhAAGAUYHjICECYyAhAmMgIQJjICECYyAhAmSNEJUKUHWKUHcAB4AJABAJgBmQKgAegDqgEDMi0yuAEDyAEA-AEBwgIHEAAYDRiABMICBhAAGB4YDcICCBAAGIoFGIYDiAYB&sclient=gws-wiz-local#,Directions
AIB ATM Dundrum Town Centre,Dublin · (0818) 724 724,⋅ Opens 10 a.m. Wed,Closed,https://aib.ie/?atmsearch,Website,https://www.google.com/search?q=aib+bank+in+dublin&sca_esv=574165402&biw=1711&bih=790&tbm=lcl&ei=xNwuZcv5JLimhbIPs7aYqAw&ved=0ahUKEwjL65uB5f2BAxU4U0EAHTMbBsUQ4dUDCAk&uact=5&oq=aib+bank+in+dublin&gs_lp=Eg1nd3Mtd2l6LWxvY2FsIhJhaWIgYmFuayBpbiBkdWJsaW4yBRAAGIAEMggQABiKBRiRAjIFEAAYgAQyBBAAGB4yBhAAGAUYHjICECYyAhAmMgIQJjICECYyAhAmSNEJUKUHWKUHcAB4AJABAJgBmQKgAegDqgEDMi0yuAEDyAEA-AEBwgIHEAAYDRiABMICBhAAGB4YDcICCBAAGIoFGIYDiAYB&sclient=gws-wiz-local#,Directions
AIB ATM Ballyowen,Dublin · (0818) 724 724,Open ⋅ Closes 10 p.m.,,https://aib.ie/?atmsearch,Website,https://www.google.com/search?q=aib+bank+in+dublin&sca_esv=574165402&biw=1711&bih=790&tbm=lcl&ei=xNwuZcv5JLimhbIPs7aYqAw&ved=0ahUKEwjL65uB5f2BAxU4U0EAHTMbBsUQ4dUDCAk&uact=5&oq=aib+bank+in+dublin&gs_lp=Eg1nd3Mtd2l6LWxvY2FsIhJhaWIgYmFuayBpbiBkdWJsaW4yBRAAGIAEMggQABiKBRiRAjIFEAAYgAQyBBAAGB4yBhAAGAUYHjICECYyAhAmMgIQJjICECYyAhAmSNEJUKUHWKUHcAB4AJABAJgBmQKgAegDqgEDMi0yuAEDyAEA-AEBwgIHEAAYDRiABMICBhAAGB4YDcICCBAAGIoFGIYDiAYB&sclient=gws-wiz-local#,Directions
Allied Irish Bank,Dublin 2 · (01) 660 0311,⋅ Opens 8 a.m. Wed,Closed,http://personal.aib.ie/,Website,https://www.google.com/search?q=aib+bank+in+dublin&sca_esv=574165402&biw=1711&bih=790&tbm=lcl&ei=xNwuZcv5JLimhbIPs7aYqAw&ved=0ahUKEwjL65uB5f2BAxU4U0EAHTMbBsUQ4dUDCAk&uact=5&oq=aib+bank+in+dublin&gs_lp=Eg1nd3Mtd2l6LWxvY2FsIhJhaWIgYmFuayBpbiBkdWJsaW4yBRAAGIAEMggQABiKBRiRAjIFEAAYgAQyBBAAGB4yBhAAGAUYHjICECYyAhAmMgIQJjICECYyAhAmSNEJUKUHWKUHcAB4AJABAJgBmQKgAegDqgEDMi0yuAEDyAEA-AEBwgIHEAAYDRiABMICBhAAGB4YDcICCBAAGIoFGIYDiAYB&sclient=gws-wiz-local#,Directions
AIB Corporate Finance,10 Molesworth Pl · (01) 667 0233,⋅ Opens 9 a.m. Wed,Closed,https://aib.ie/corporatefinance,Website,https://www.google.com/search?q=aib+bank+in+dublin&sca_esv=574165402&biw=1711&bih=790&tbm=lcl&ei=xNwuZcv5JLimhbIPs7aYqAw&ved=0ahUKEwjL65uB5f2BAxU4U0EAHTMbBsUQ4dUDCAk&uact=5&oq=aib+bank+in+dublin&gs_lp=Eg1nd3Mtd2l6LWxvY2FsIhJhaWIgYmFuayBpbiBkdWJsaW4yBRAAGIAEMggQABiKBRiRAjIFEAAYgAQyBBAAGB4yBhAAGAUYHjICECYyAhAmMgIQJjICECYyAhAmSNEJUKUHWKUHcAB4AJABAJgBmQKgAegDqgEDMi0yuAEDyAEA-AEBwgIHEAAYDRiABMICBhAAGB4YDcICCBAAGIoFGIYDiAYB&sclient=gws-wiz-local#,Directions
AIB ATM Abberley Square,Dublin · (0818) 724 724,Open 24 hours,,https://aib.ie/?atmsearch,Website,https://www.google.com/search?q=aib+bank+in+dublin&sca_esv=574165402&biw=1711&bih=790&tbm=lcl&ei=xNwuZcv5JLimhbIPs7aYqAw&ved=0ahUKEwjL65uB5f2BAxU4U0EAHTMbBsUQ4dUDCAk&uact=5&oq=aib+bank+in+dublin&gs_lp=Eg1nd3Mtd2l6LWxvY2FsIhJhaWIgYmFuayBpbiBkdWJsaW4yBRAAGIAEMggQABiKBRiRAjIFEAAYgAQyBBAAGB4yBhAAGAUYHjICECYyAhAmMgIQJjICECYyAhAmSNEJUKUHWKUHcAB4AJABAJgBmQKgAegDqgEDMi0yuAEDyAEA-AEBwgIHEAAYDRiABMICBhAAGB4YDcICCBAAGIoFGIYDiAYB&sclient=gws-wiz-local#,Directions
AIB ATM,Dublin,Open 24 hours,,https://aib.ie/?atmsearch,Website,https://www.google.com/search?q=aib+bank+in+dublin&sca_esv=574165402&biw=1711&bih=790&tbm=lcl&ei=xNwuZcv5JLimhbIPs7aYqAw&ved=0ahUKEwjL65uB5f2BAxU4U0EAHTMbBsUQ4dUDCAk&uact=5&oq=aib+bank+in+dublin&gs_lp=Eg1nd3Mtd2l6LWxvY2FsIhJhaWIgYmFuayBpbiBkdWJsaW4yBRAAGIAEMggQABiKBRiRAjIFEAAYgAQyBBAAGB4yBhAAGAUYHjICECYyAhAmMgIQJjICECYyAhAmSNEJUKUHWKUHcAB4AJABAJgBmQKgAegDqgEDMi0yuAEDyAEA-AEBwgIHEAAYDRiABMICBhAAGB4YDcICCBAAGIoFGIYDiAYB&sclient=gws-wiz-local#,Directions
AIB Bank,18 Blackthorn Grove · (01) 288 5371,,Temporarily closed,https://aib.ie/branches/southdublin/sandyford?utm_source=google&utm_medium=yext&y_source=1_NDc1NDE0MDUtNzE1LWxvY2F0aW9uLndlYnNpdGU%3D,Website,https://www.google.com/search?q=aib+bank+in+dublin&sca_esv=574165402&biw=1711&bih=790&tbm=lcl&ei=xNwuZcv5JLimhbIPs7aYqAw&ved=0ahUKEwjL65uB5f2BAxU4U0EAHTMbBsUQ4dUDCAk&uact=5&oq=aib+bank+in+dublin&gs_lp=Eg1nd3Mtd2l6LWxvY2FsIhJhaWIgYmFuayBpbiBkdWJsaW4yBRAAGIAEMggQABiKBRiRAjIFEAAYgAQyBBAAGB4yBhAAGAUYHjICECYyAhAmMgIQJjICECYyAhAmSNEJUKUHWKUHcAB4AJABAJgBmQKgAegDqgEDMi0yuAEDyAEA-AEBwgIHEAAYDRiABMICBhAAGB4YDcICCBAAGIoFGIYDiAYB&sclient=gws-wiz-local#,Directions
AIB ATM The Plaza Tyrellstown,The Plaza · (0818) 724 724,Open 24 hours,,https://aib.ie/?atmsearch,Website,https://www.google.com/search?q=aib+bank+in+dublin&sca_esv=574165402&biw=1711&bih=790&tbm=lcl&ei=xNwuZcv5JLimhbIPs7aYqAw&ved=0ahUKEwjL65uB5f2BAxU4U0EAHTMbBsUQ4dUDCAk&uact=5&oq=aib+bank+in+dublin&gs_lp=Eg1nd3Mtd2l6LWxvY2FsIhJhaWIgYmFuayBpbiBkdWJsaW4yBRAAGIAEMggQABiKBRiRAjIFEAAYgAQyBBAAGB4yBhAAGAUYHjICECYyAhAmMgIQJjICECYyAhAmSNEJUKUHWKUHcAB4AJABAJgBmQKgAegDqgEDMi0yuAEDyAEA-AEBwgIHEAAYDRiABMICBhAAGB4YDcICCBAAGIoFGIYDiAYB&sclient=gws-wiz-local#,Directions
AIB Bank,"Malahide, County Dublin · (01) 845 1166",⋅ Opens 10 a.m. Wed,Closed,https://branches.aib.ie/dublin/malahide/church-road?utm_source=google&utm_medium=yext&y_source=1_NDc1NDE0NzAtNzE1LWxvY2F0aW9uLndlYnNpdGU%3D,Website,https://www.google.com/search?q=aib+bank+in+dublin&sca_esv=574165402&biw=1711&bih=790&tbm=lcl&ei=xNwuZcv5JLimhbIPs7aYqAw&ved=0ahUKEwjL65uB5f2BAxU4U0EAHTMbBsUQ4dUDCAk&uact=5&oq=aib+bank+in+dublin&gs_lp=Eg1nd3Mtd2l6LWxvY2FsIhJhaWIgYmFuayBpbiBkdWJsaW4yBRAAGIAEMggQABiKBRiRAjIFEAAYgAQyBBAAGB4yBhAAGAUYHjICECYyAhAmMgIQJjICECYyAhAmSNEJUKUHWKUHcAB4AJABAJgBmQKgAegDqgEDMi0yuAEDyAEA-AEBwgIHEAAYDRiABMICBhAAGB4YDcICCBAAGIoFGIYDiAYB&sclient=gws-wiz-local#,Directions
AIB ATM Firhouse S.C,"Inside Supervalu, Firhouse Shopping Centre, Ballycullen Ave · (0818) 724 724",⋅ 9 p.m.,Closes soon,https://aib.ie/?atmsearch,Website,https://www.google.com/search?q=aib+bank+in+dublin&sca_esv=574165402&biw=1711&bih=790&tbm=lcl&ei=xNwuZcv5JLimhbIPs7aYqAw&ved=0ahUKEwjL65uB5f2BAxU4U0EAHTMbBsUQ4dUDCAk&uact=5&oq=aib+bank+in+dublin&gs_lp=Eg1nd3Mtd2l6LWxvY2FsIhJhaWIgYmFuayBpbiBkdWJsaW4yBRAAGIAEMggQABiKBRiRAjIFEAAYgAQyBBAAGB4yBhAAGAUYHjICECYyAhAmMgIQJjICECYyAhAmSNEJUKUHWKUHcAB4AJABAJgBmQKgAegDqgEDMi0yuAEDyAEA-AEBwgIHEAAYDRiABMICBhAAGB4YDcICCBAAGIoFGIYDiAYB&sclient=gws-wiz-local#,Directions
AIB ATM Sandymount Road,Dublin · (0818) 724 724,Open 24 hours,,https://aib.ie/?atmsearch,Website,https://www.google.com/search?q=aib+bank+in+dublin&sca_esv=574165402&biw=1711&bih=790&tbm=lcl&ei=xNwuZcv5JLimhbIPs7aYqAw&ved=0ahUKEwjL65uB5f2BAxU4U0EAHTMbBsUQ4dUDCAk&uact=5&oq=aib+bank+in+dublin&gs_lp=Eg1nd3Mtd2l6LWxvY2FsIhJhaWIgYmFuayBpbiBkdWJsaW4yBRAAGIAEMggQABiKBRiRAjIFEAAYgAQyBBAAGB4yBhAAGAUYHjICECYyAhAmMgIQJjICECYyAhAmSNEJUKUHWKUHcAB4AJABAJgBmQKgAegDqgEDMi0yuAEDyAEA-AEBwgIHEAAYDRiABMICBhAAGB4YDcICCBAAGIoFGIYDiAYB&sclient=gws-wiz-local#,Directions
AIB ATM Damastown Ind Pk,Dublin · (0818) 724 724,⋅ Opens 8 a.m. Wed,Closed,https://aib.ie/?atmsearch,Website,https://www.google.com/search?q=aib+bank+in+dublin&sca_esv=574165402&biw=1711&bih=790&tbm=lcl&ei=xNwuZcv5JLimhbIPs7aYqAw&ved=0ahUKEwjL65uB5f2BAxU4U0EAHTMbBsUQ4dUDCAk&uact=5&oq=aib+bank+in+dublin&gs_lp=Eg1nd3Mtd2l6LWxvY2FsIhJhaWIgYmFuayBpbiBkdWJsaW4yBRAAGIAEMggQABiKBRiRAjIFEAAYgAQyBBAAGB4yBhAAGAUYHjICECYyAhAmMgIQJjICECYyAhAmSNEJUKUHWKUHcAB4AJABAJgBmQKgAegDqgEDMi0yuAEDyAEA-AEBwgIHEAAYDRiABMICBhAAGB4YDcICCBAAGIoFGIYDiAYB&sclient=gws-wiz-local#,Directions
AIB ATM Rochestown Avenue,Dublin · (0818) 724 724,Open ⋅ Closes 10 p.m.,,https://aib.ie/?atmsearch,Website,https://www.google.com/search?q=aib+bank+in+dublin&sca_esv=574165402&biw=1711&bih=790&tbm=lcl&ei=xNwuZcv5JLimhbIPs7aYqAw&ved=0ahUKEwjL65uB5f2BAxU4U0EAHTMbBsUQ4dUDCAk&uact=5&oq=aib+bank+in+dublin&gs_lp=Eg1nd3Mtd2l6LWxvY2FsIhJhaWIgYmFuayBpbiBkdWJsaW4yBRAAGIAEMggQABiKBRiRAjIFEAAYgAQyBBAAGB4yBhAAGAUYHjICECYyAhAmMgIQJjICECYyAhAmSNEJUKUHWKUHcAB4AJABAJgBmQKgAegDqgEDMi0yuAEDyAEA-AEBwgIHEAAYDRiABMICBhAAGB4YDcICCBAAGIoFGIYDiAYB&sclient=gws-wiz-local#,Directions
AIB,"Tallaght, County Dublin · (0818) 724 724",⋅ Opens 9 a.m. Wed,Closed,https://aib.ie/?atmsearch,Website,https://www.google.com/search?q=aib+bank+in+dublin&sca_esv=574165402&biw=1711&bih=790&tbm=lcl&ei=xNwuZcv5JLimhbIPs7aYqAw&ved=0ahUKEwjL65uB5f2BAxU4U0EAHTMbBsUQ4dUDCAk&uact=5&oq=aib+bank+in+dublin&gs_lp=Eg1nd3Mtd2l6LWxvY2FsIhJhaWIgYmFuayBpbiBkdWJsaW4yBRAAGIAEMggQABiKBRiRAjIFEAAYgAQyBBAAGB4yBhAAGAUYHjICECYyAhAmMgIQJjICECYyAhAmSNEJUKUHWKUHcAB4AJABAJgBmQKgAegDqgEDMi0yuAEDyAEA-AEBwgIHEAAYDRiABMICBhAAGB4YDcICCBAAGIoFGIYDiAYB&sclient=gws-wiz-local#,Directions
AIB ATM,"Blackrock, County Dublin · (0818) 724 724",Open ⋅ Closes 9:30 p.m.,,https://aib.ie/?atmsearch,Website,https://www.google.com/search?q=aib+bank+in+dublin&sca_esv=574165402&biw=1711&bih=790&tbm=lcl&ei=xNwuZcv5JLimhbIPs7aYqAw&ved=0ahUKEwjL65uB5f2BAxU4U0EAHTMbBsUQ4dUDCAk&uact=5&oq=aib+bank+in+dublin&gs_lp=Eg1nd3Mtd2l6LWxvY2FsIhJhaWIgYmFuayBpbiBkdWJsaW4yBRAAGIAEMggQABiKBRiRAjIFEAAYgAQyBBAAGB4yBhAAGAUYHjICECYyAhAmMgIQJjICECYyAhAmSNEJUKUHWKUHcAB4AJABAJgBmQKgAegDqgEDMi0yuAEDyAEA-AEBwgIHEAAYDRiABMICBhAAGB4YDcICCBAAGIoFGIYDiAYB&sclient=gws-wiz-local#,Directions
AIB ATM West End Village,Dublin · (0818) 724 724,,Temporarily closed,https://aib.ie/?atmsearch,Website,https://www.google.com/search?q=aib+bank+in+dublin&sca_esv=574165402&biw=1711&bih=790&tbm=lcl&ei=xNwuZcv5JLimhbIPs7aYqAw&ved=0ahUKEwjL65uB5f2BAxU4U0EAHTMbBsUQ4dUDCAk&uact=5&oq=aib+bank+in+dublin&gs_lp=Eg1nd3Mtd2l6LWxvY2FsIhJhaWIgYmFuayBpbiBkdWJsaW4yBRAAGIAEMggQABiKBRiRAjIFEAAYgAQyBBAAGB4yBhAAGAUYHjICECYyAhAmMgIQJjICECYyAhAmSNEJUKUHWKUHcAB4AJABAJgBmQKgAegDqgEDMi0yuAEDyAEA-AEBwgIHEAAYDRiABMICBhAAGB4YDcICCBAAGIoFGIYDiAYB&sclient=gws-wiz-local#,Directions
AIB ATM Foxborough road,Dublin · (0818) 724 724,Open 24 hours,,https://aib.ie/?atmsearch,Website,https://www.google.com/search?q=aib+bank+in+dublin&sca_esv=574165402&biw=1711&bih=790&tbm=lcl&ei=xNwuZcv5JLimhbIPs7aYqAw&ved=0ahUKEwjL65uB5f2BAxU4U0EAHTMbBsUQ4dUDCAk&uact=5&oq=aib+bank+in+dublin&gs_lp=Eg1nd3Mtd2l6LWxvY2FsIhJhaWIgYmFuayBpbiBkdWJsaW4yBRAAGIAEMggQABiKBRiRAjIFEAAYgAQyBBAAGB4yBhAAGAUYHjICECYyAhAmMgIQJjICECYyAhAmSNEJUKUHWKUHcAB4AJABAJgBmQKgAegDqgEDMi0yuAEDyAEA-AEBwgIHEAAYDRiABMICBhAAGB4YDcICCBAAGIoFGIYDiAYB&sclient=gws-wiz-local#,Directions
AIB ATM,Dublin 4,,,https://aib.ie/,Website,https://www.google.com/search?q=aib+bank+in+dublin&sca_esv=574165402&biw=1711&bih=790&tbm=lcl&ei=xNwuZcv5JLimhbIPs7aYqAw&ved=0ahUKEwjL65uB5f2BAxU4U0EAHTMbBsUQ4dUDCAk&uact=5&oq=aib+bank+in+dublin&gs_lp=Eg1nd3Mtd2l6LWxvY2FsIhJhaWIgYmFuayBpbiBkdWJsaW4yBRAAGIAEMggQABiKBRiRAjIFEAAYgAQyBBAAGB4yBhAAGAUYHjICECYyAhAmMgIQJjICECYyAhAmSNEJUKUHWKUHcAB4AJABAJgBmQKgAegDqgEDMi0yuAEDyAEA-AEBwgIHEAAYDRiABMICBhAAGB4YDcICCBAAGIoFGIYDiAYB&sclient=gws-wiz-local#,Directions
AIB ATM Old Bawn Road,Dublin · (0818) 724 724,Open 24 hours,,https://aib.ie/?atmsearch,Website,https://www.google.com/search?q=aib+bank+in+dublin&sca_esv=574165402&biw=1711&bih=790&tbm=lcl&ei=xNwuZcv5JLimhbIPs7aYqAw&ved=0ahUKEwjL65uB5f2BAxU4U0EAHTMbBsUQ4dUDCAk&uact=5&oq=aib+bank+in+dublin&gs_lp=Eg1nd3Mtd2l6LWxvY2FsIhJhaWIgYmFuayBpbiBkdWJsaW4yBRAAGIAEMggQABiKBRiRAjIFEAAYgAQyBBAAGB4yBhAAGAUYHjICECYyAhAmMgIQJjICECYyAhAmSNEJUKUHWKUHcAB4AJABAJgBmQKgAegDqgEDMi0yuAEDyAEA-AEBwgIHEAAYDRiABMICBhAAGB4YDcICCBAAGIoFGIYDiAYB&sclient=gws-wiz-local#,Directions
AIB ATM Clondalkin,Dublin · (0818) 724 724,Open 24 hours,,https://aib.ie/?atmsearch,Website,https://www.google.com/search?q=aib+bank+in+dublin&sca_esv=574165402&biw=1711&bih=790&tbm=lcl&ei=xNwuZcv5JLimhbIPs7aYqAw&ved=0ahUKEwjL65uB5f2BAxU4U0EAHTMbBsUQ4dUDCAk&uact=5&oq=aib+bank+in+dublin&gs_lp=Eg1nd3Mtd2l6LWxvY2FsIhJhaWIgYmFuayBpbiBkdWJsaW4yBRAAGIAEMggQABiKBRiRAjIFEAAYgAQyBBAAGB4yBhAAGAUYHjICECYyAhAmMgIQJjICECYyAhAmSNEJUKUHWKUHcAB4AJABAJgBmQKgAegDqgEDMi0yuAEDyAEA-AEBwgIHEAAYDRiABMICBhAAGB4YDcICCBAAGIoFGIYDiAYB&sclient=gws-wiz-local#,Directions
AIB ATM Rathfarnham,Dublin · (0818) 724 724,Open ⋅ Closes 10:30 p.m.,,https://aib.ie/?atmsearch,Website,https://www.google.com/search?q=aib+bank+in+dublin&sca_esv=574165402&biw=1711&bih=790&tbm=lcl&ei=xNwuZcv5JLimhbIPs7aYqAw&ved=0ahUKEwjL65uB5f2BAxU4U0EAHTMbBsUQ4dUDCAk&uact=5&oq=aib+bank+in+dublin&gs_lp=Eg1nd3Mtd2l6LWxvY2FsIhJhaWIgYmFuayBpbiBkdWJsaW4yBRAAGIAEMggQABiKBRiRAjIFEAAYgAQyBBAAGB4yBhAAGAUYHjICECYyAhAmMgIQJjICECYyAhAmSNEJUKUHWKUHcAB4AJABAJgBmQKgAegDqgEDMi0yuAEDyAEA-AEBwgIHEAAYDRiABMICBhAAGB4YDcICCBAAGIoFGIYDiAYB&sclient=gws-wiz-local#,Directions
AIB ATM Tallaght,Dublin 24 · (0818) 724 724,Open 24 hours,,https://aib.ie/?atmsearch,Website,https://www.google.com/search?q=aib+bank+in+dublin&sca_esv=574165402&biw=1711&bih=790&tbm=lcl&ei=xNwuZcv5JLimhbIPs7aYqAw&ved=0ahUKEwjL65uB5f2BAxU4U0EAHTMbBsUQ4dUDCAk&uact=5&oq=aib+bank+in+dublin&gs_lp=Eg1nd3Mtd2l6LWxvY2FsIhJhaWIgYmFuayBpbiBkdWJsaW4yBRAAGIAEMggQABiKBRiRAjIFEAAYgAQyBBAAGB4yBhAAGAUYHjICECYyAhAmMgIQJjICECYyAhAmSNEJUKUHWKUHcAB4AJABAJgBmQKgAegDqgEDMi0yuAEDyAEA-AEBwgIHEAAYDRiABMICBhAAGB4YDcICCBAAGIoFGIYDiAYB&sclient=gws-wiz-local#,Directions
AIB ATM,"100, AIB Bank External Wall, 101 Grafton Street · (0818) 724 724",Open 24 hours,,https://aib.ie/?atmsearch,Website,https://www.google.com/search?q=aib+bank+in+dublin&sca_esv=574165402&biw=1711&bih=790&tbm=lcl&ei=xNwuZcv5JLimhbIPs7aYqAw&ved=0ahUKEwjL65uB5f2BAxU4U0EAHTMbBsUQ4dUDCAk&uact=5&oq=aib+bank+in+dublin&gs_lp=Eg1nd3Mtd2l6LWxvY2FsIhJhaWIgYmFuayBpbiBkdWJsaW4yBRAAGIAEMggQABiKBRiRAjIFEAAYgAQyBBAAGB4yBhAAGAUYHjICECYyAhAmMgIQJjICECYyAhAmSNEJUKUHWKUHcAB4AJABAJgBmQKgAegDqgEDMi0yuAEDyAEA-AEBwgIHEAAYDRiABMICBhAAGB4YDcICCBAAGIoFGIYDiAYB&sclient=gws-wiz-local#,Directions
AIB ATM Cornelscourt - Dublin 18,"Esso Service Station, 16 Bray Rd · (0818) 724 724",Open 24 hours,,https://aib.ie/?atmsearch,Website,https://www.google.com/search?q=aib+bank+in+dublin&sca_esv=574165402&biw=1711&bih=790&tbm=lcl&ei=xNwuZcv5JLimhbIPs7aYqAw&ved=0ahUKEwjL65uB5f2BAxU4U0EAHTMbBsUQ4dUDCAk&uact=5&oq=aib+bank+in+dublin&gs_lp=Eg1nd3Mtd2l6LWxvY2FsIhJhaWIgYmFuayBpbiBkdWJsaW4yBRAAGIAEMggQABiKBRiRAjIFEAAYgAQyBBAAGB4yBhAAGAUYHjICECYyAhAmMgIQJjICECYyAhAmSNEJUKUHWKUHcAB4AJABAJgBmQKgAegDqgEDMi0yuAEDyAEA-AEBwgIHEAAYDRiABMICBhAAGB4YDcICCBAAGIoFGIYDiAYB&sclient=gws-wiz-local#,Directions
AIB ATM Carysfort Avenue,"Graduate School of Business, Carysfort Ave · (0818) 724 724",Open 24 hours,,https://aib.ie/?atmsearch,Website,https://www.google.com/search?q=aib+bank+in+dublin&sca_esv=574165402&biw=1711&bih=790&tbm=lcl&ei=xNwuZcv5JLimhbIPs7aYqAw&ved=0ahUKEwjL65uB5f2BAxU4U0EAHTMbBsUQ4dUDCAk&uact=5&oq=aib+bank+in+dublin&gs_lp=Eg1nd3Mtd2l6LWxvY2FsIhJhaWIgYmFuayBpbiBkdWJsaW4yBRAAGIAEMggQABiKBRiRAjIFEAAYgAQyBBAAGB4yBhAAGAUYHjICECYyAhAmMgIQJjICECYyAhAmSNEJUKUHWKUHcAB4AJABAJgBmQKgAegDqgEDMi0yuAEDyAEA-AEBwgIHEAAYDRiABMICBhAAGB4YDcICCBAAGIoFGIYDiAYB&sclient=gws-wiz-local#,Directions
AIB Bank,"Lucan, County Dublin · (01) 628 2991",⋅ Opens 10 a.m. Wed,Closed,https://branches.aib.ie/dublin/lucan/1-main-street?utm_source=google&utm_medium=yext&y_source=1_NDc1NDE0NjgtNzE1LWxvY2F0aW9uLndlYnNpdGU%3D,Website,https://www.google.com/search?q=aib+bank+in+dublin&sca_esv=574165402&biw=1711&bih=790&tbm=lcl&ei=xNwuZcv5JLimhbIPs7aYqAw&ved=0ahUKEwjL65uB5f2BAxU4U0EAHTMbBsUQ4dUDCAk&uact=5&oq=aib+bank+in+dublin&gs_lp=Eg1nd3Mtd2l6LWxvY2FsIhJhaWIgYmFuayBpbiBkdWJsaW4yBRAAGIAEMggQABiKBRiRAjIFEAAYgAQyBBAAGB4yBhAAGAUYHjICECYyAhAmMgIQJjICECYyAhAmSNEJUKUHWKUHcAB4AJABAJgBmQKgAegDqgEDMi0yuAEDyAEA-AEBwgIHEAAYDRiABMICBhAAGB4YDcICCBAAGIoFGIYDiAYB&sclient=gws-wiz-local#,Directions
AIB ATM Malahide Castle,Dublin · (0818) 724 724,⋅ Opens 9:30 a.m. Wed,Closed,https://aib.ie/?atmsearch,Website,https://www.google.com/search?q=aib+bank+in+dublin&sca_esv=574165402&biw=1711&bih=790&tbm=lcl&ei=xNwuZcv5JLimhbIPs7aYqAw&ved=0ahUKEwjL65uB5f2BAxU4U0EAHTMbBsUQ4dUDCAk&uact=5&oq=aib+bank+in+dublin&gs_lp=Eg1nd3Mtd2l6LWxvY2FsIhJhaWIgYmFuayBpbiBkdWJsaW4yBRAAGIAEMggQABiKBRiRAjIFEAAYgAQyBBAAGB4yBhAAGAUYHjICECYyAhAmMgIQJjICECYyAhAmSNEJUKUHWKUHcAB4AJABAJgBmQKgAegDqgEDMi0yuAEDyAEA-AEBwgIHEAAYDRiABMICBhAAGB4YDcICCBAAGIoFGIYDiAYB&sclient=gws-wiz-local#,Directions
AIB ATM Howth Road,Dublin · (0818) 724 724,Open 24 hours,,https://aib.ie/?atmsearch,Website,https://www.google.com/search?q=aib+bank+in+dublin&sca_esv=574165402&biw=1711&bih=790&tbm=lcl&ei=xNwuZcv5JLimhbIPs7aYqAw&ved=0ahUKEwjL65uB5f2BAxU4U0EAHTMbBsUQ4dUDCAk&uact=5&oq=aib+bank+in+dublin&gs_lp=Eg1nd3Mtd2l6LWxvY2FsIhJhaWIgYmFuayBpbiBkdWJsaW4yBRAAGIAEMggQABiKBRiRAjIFEAAYgAQyBBAAGB4yBhAAGAUYHjICECYyAhAmMgIQJjICECYyAhAmSNEJUKUHWKUHcAB4AJABAJgBmQKgAegDqgEDMi0yuAEDyAEA-AEBwgIHEAAYDRiABMICBhAAGB4YDcICCBAAGIoFGIYDiAYB&sclient=gws-wiz-local#,Directions
AIB Direct Banking,"Swords, County Dublin · 1890 724 724",⋅ Opens 8 a.m. Wed,Closed,http://aib.ie/,Website,https://www.google.com/search?q=aib+bank+in+dublin&sca_esv=574165402&biw=1711&bih=790&tbm=lcl&ei=xNwuZcv5JLimhbIPs7aYqAw&ved=0ahUKEwjL65uB5f2BAxU4U0EAHTMbBsUQ4dUDCAk&uact=5&oq=aib+bank+in+dublin&gs_lp=Eg1nd3Mtd2l6LWxvY2FsIhJhaWIgYmFuayBpbiBkdWJsaW4yBRAAGIAEMggQABiKBRiRAjIFEAAYgAQyBBAAGB4yBhAAGAUYHjICECYyAhAmMgIQJjICECYyAhAmSNEJUKUHWKUHcAB4AJABAJgBmQKgAegDqgEDMi0yuAEDyAEA-AEBwgIHEAAYDRiABMICBhAAGB4YDcICCBAAGIoFGIYDiAYB&sclient=gws-wiz-local#,Directions
AIB UCD,UCD · (01) 269 4499,,Temporarily closed,https://aib.ie/branches/southdublin/ucd?utm_source=google&utm_medium=yext&y_source=1_NDc1NDE0MTMtNzE1LWxvY2F0aW9uLndlYnNpdGU%3D,Website,https://www.google.com/search?q=aib+bank+in+dublin&sca_esv=574165402&biw=1711&bih=790&tbm=lcl&ei=xNwuZcv5JLimhbIPs7aYqAw&ved=0ahUKEwjL65uB5f2BAxU4U0EAHTMbBsUQ4dUDCAk&uact=5&oq=aib+bank+in+dublin&gs_lp=Eg1nd3Mtd2l6LWxvY2FsIhJhaWIgYmFuayBpbiBkdWJsaW4yBRAAGIAEMggQABiKBRiRAjIFEAAYgAQyBBAAGB4yBhAAGAUYHjICECYyAhAmMgIQJjICECYyAhAmSNEJUKUHWKUHcAB4AJABAJgBmQKgAegDqgEDMi0yuAEDyAEA-AEBwgIHEAAYDRiABMICBhAAGB4YDcICCBAAGIoFGIYDiAYB&sclient=gws-wiz-local#,Directions
AIB ATM Bray Road,Dublin · (0818) 724 724,Open 24 hours,,https://aib.ie/?atmsearch,Website,https://www.google.com/search?q=aib+bank+in+dublin&sca_esv=574165402&biw=1711&bih=790&tbm=lcl&ei=xNwuZcv5JLimhbIPs7aYqAw&ved=0ahUKEwjL65uB5f2BAxU4U0EAHTMbBsUQ4dUDCAk&uact=5&oq=aib+bank+in+dublin&gs_lp=Eg1nd3Mtd2l6LWxvY2FsIhJhaWIgYmFuayBpbiBkdWJsaW4yBRAAGIAEMggQABiKBRiRAjIFEAAYgAQyBBAAGB4yBhAAGAUYHjICECYyAhAmMgIQJjICECYyAhAmSNEJUKUHWKUHcAB4AJABAJgBmQKgAegDqgEDMi0yuAEDyAEA-AEBwgIHEAAYDRiABMICBhAAGB4YDcICCBAAGIoFGIYDiAYB&sclient=gws-wiz-local#,Directions
AIB ATM,"Dublin Southside, County Dublin",Open 24 hours,,,,https://www.google.com/search?q=aib+bank+in+dublin&sca_esv=574165402&biw=1711&bih=790&tbm=lcl&ei=xNwuZcv5JLimhbIPs7aYqAw&ved=0ahUKEwjL65uB5f2BAxU4U0EAHTMbBsUQ4dUDCAk&uact=5&oq=aib+bank+in+dublin&gs_lp=Eg1nd3Mtd2l6LWxvY2FsIhJhaWIgYmFuayBpbiBkdWJsaW4yBRAAGIAEMggQABiKBRiRAjIFEAAYgAQyBBAAGB4yBhAAGAUYHjICECYyAhAmMgIQJjICECYyAhAmSNEJUKUHWKUHcAB4AJABAJgBmQKgAegDqgEDMi0yuAEDyAEA-AEBwgIHEAAYDRiABMICBhAAGB4YDcICCBAAGIoFGIYDiAYB&sclient=gws-wiz-local#,Directions
AIB ATM,Dublin,Open 24 hours,,,,https://www.google.com/search?q=aib+bank+in+dublin&sca_esv=574165402&biw=1711&bih=790&tbm=lcl&ei=xNwuZcv5JLimhbIPs7aYqAw&ved=0ahUKEwjL65uB5f2BAxU4U0EAHTMbBsUQ4dUDCAk&uact=5&oq=aib+bank+in+dublin&gs_lp=Eg1nd3Mtd2l6LWxvY2FsIhJhaWIgYmFuayBpbiBkdWJsaW4yBRAAGIAEMggQABiKBRiRAjIFEAAYgAQyBBAAGB4yBhAAGAUYHjICECYyAhAmMgIQJjICECYyAhAmSNEJUKUHWKUHcAB4AJABAJgBmQKgAegDqgEDMi0yuAEDyAEA-AEBwgIHEAAYDRiABMICBhAAGB4YDcICCBAAGIoFGIYDiAYB&sclient=gws-wiz-local#,Directions
AIB ATM,Dublin 11 · (01) 834 1200,Open ⋅ Closes 11:59 p.m.,,http://personal.aib.ie/branchlocator,Website,https://www.google.com/search?q=aib+bank+in+dublin&sca_esv=574165402&biw=1711&bih=790&tbm=lcl&ei=xNwuZcv5JLimhbIPs7aYqAw&ved=0ahUKEwjL65uB5f2BAxU4U0EAHTMbBsUQ4dUDCAk&uact=5&oq=aib+bank+in+dublin&gs_lp=Eg1nd3Mtd2l6LWxvY2FsIhJhaWIgYmFuayBpbiBkdWJsaW4yBRAAGIAEMggQABiKBRiRAjIFEAAYgAQyBBAAGB4yBhAAGAUYHjICECYyAhAmMgIQJjICECYyAhAmSNEJUKUHWKUHcAB4AJABAJgBmQKgAegDqgEDMi0yuAEDyAEA-AEBwgIHEAAYDRiABMICBhAAGB4YDcICCBAAGIoFGIYDiAYB&sclient=gws-wiz-local#,Directions
AIB Bank,"Lucan, County Dublin · (01) 654 0430",⋅ Opens 10 a.m. Wed,Closed,https://branches.aib.ie/dublin/lucan/lucan-shopping-centre-newcastle-road?y_source=1_MTAwMTM0MTM0OS03MTUtbG9jYXRpb24ud2Vic2l0ZQ%3D%3D,Website,https://www.google.com/search?q=aib+bank+in+dublin&sca_esv=574165402&biw=1711&bih=790&tbm=lcl&ei=xNwuZcv5JLimhbIPs7aYqAw&ved=0ahUKEwjL65uB5f2BAxU4U0EAHTMbBsUQ4dUDCAk&uact=5&oq=aib+bank+in+dublin&gs_lp=Eg1nd3Mtd2l6LWxvY2FsIhJhaWIgYmFuayBpbiBkdWJsaW4yBRAAGIAEMggQABiKBRiRAjIFEAAYgAQyBBAAGB4yBhAAGAUYHjICECYyAhAmMgIQJjICECYyAhAmSNEJUKUHWKUHcAB4AJABAJgBmQKgAegDqgEDMi0yuAEDyAEA-AEBwgIHEAAYDRiABMICBhAAGB4YDcICCBAAGIoFGIYDiAYB&sclient=gws-wiz-local#,Directions
AIB Bank,"Swords, County Dublin · (01) 840 4001",⋅ Opens 10 a.m. Wed,Closed,https://branches.aib.ie/dublin/swords/main-street?utm_source=google&utm_medium=yext&y_source=1_NDc1NDE1MDAtNzE1LWxvY2F0aW9uLndlYnNpdGU%3D,Website,https://www.google.com/search?q=aib+bank+in+dublin&sca_esv=574165402&biw=1711&bih=790&tbm=lcl&ei=xNwuZcv5JLimhbIPs7aYqAw&ved=0ahUKEwjL65uB5f2BAxU4U0EAHTMbBsUQ4dUDCAk&uact=5&oq=aib+bank+in+dublin&gs_lp=Eg1nd3Mtd2l6LWxvY2FsIhJhaWIgYmFuayBpbiBkdWJsaW4yBRAAGIAEMggQABiKBRiRAjIFEAAYgAQyBBAAGB4yBhAAGAUYHjICECYyAhAmMgIQJjICECYyAhAmSNEJUKUHWKUHcAB4AJABAJgBmQKgAegDqgEDMi0yuAEDyAEA-AEBwgIHEAAYDRiABMICBhAAGB4YDcICCBAAGIoFGIYDiAYB&sclient=gws-wiz-local#,Directions
AIB ATM Boroimhe - Swords,Dublin · (0818) 724 724,Open ⋅ Closes 11 p.m.,,https://aib.ie/?atmsearch,Website,https://www.google.com/search?q=aib+bank+in+dublin&sca_esv=574165402&biw=1711&bih=790&tbm=lcl&ei=xNwuZcv5JLimhbIPs7aYqAw&ved=0ahUKEwjL65uB5f2BAxU4U0EAHTMbBsUQ4dUDCAk&uact=5&oq=aib+bank+in+dublin&gs_lp=Eg1nd3Mtd2l6LWxvY2FsIhJhaWIgYmFuayBpbiBkdWJsaW4yBRAAGIAEMggQABiKBRiRAjIFEAAYgAQyBBAAGB4yBhAAGAUYHjICECYyAhAmMgIQJjICECYyAhAmSNEJUKUHWKUHcAB4AJABAJgBmQKgAegDqgEDMi0yuAEDyAEA-AEBwgIHEAAYDRiABMICBhAAGB4YDcICCBAAGIoFGIYDiAYB&sclient=gws-wiz-local#,Directions
AIB ATM Clongriffin,Dublin 13 · (0818) 724 724,Open ⋅ Closes 10 p.m.,,https://aib.ie/?atmsearch,Website,https://www.google.com/search?q=aib+bank+in+dublin&sca_esv=574165402&biw=1711&bih=790&tbm=lcl&ei=xNwuZcv5JLimhbIPs7aYqAw&ved=0ahUKEwjL65uB5f2BAxU4U0EAHTMbBsUQ4dUDCAk&uact=5&oq=aib+bank+in+dublin&gs_lp=Eg1nd3Mtd2l6LWxvY2FsIhJhaWIgYmFuayBpbiBkdWJsaW4yBRAAGIAEMggQABiKBRiRAjIFEAAYgAQyBBAAGB4yBhAAGAUYHjICECYyAhAmMgIQJjICECYyAhAmSNEJUKUHWKUHcAB4AJABAJgBmQKgAegDqgEDMi0yuAEDyAEA-AEBwgIHEAAYDRiABMICBhAAGB4YDcICCBAAGIoFGIYDiAYB&sclient=gws-wiz-local#,Directions
AIB ATM,Dublin 14 · (0818) 724 724,Open 24 hours,,https://aib.ie/?atmsearch,Website,https://www.google.com/search?q=aib+bank+in+dublin&sca_esv=574165402&biw=1711&bih=790&tbm=lcl&ei=xNwuZcv5JLimhbIPs7aYqAw&ved=0ahUKEwjL65uB5f2BAxU4U0EAHTMbBsUQ4dUDCAk&uact=5&oq=aib+bank+in+dublin&gs_lp=Eg1nd3Mtd2l6LWxvY2FsIhJhaWIgYmFuayBpbiBkdWJsaW4yBRAAGIAEMggQABiKBRiRAjIFEAAYgAQyBBAAGB4yBhAAGAUYHjICECYyAhAmMgIQJjICECYyAhAmSNEJUKUHWKUHcAB4AJABAJgBmQKgAegDqgEDMi0yuAEDyAEA-AEBwgIHEAAYDRiABMICBhAAGB4YDcICCBAAGIoFGIYDiAYB&sclient=gws-wiz-local#,Directions
AIB ATM Ballynakelly,Dublin · (0818) 724 724,Open ⋅ Closes 10 p.m.,,https://aib.ie/?atmsearch,Website,https://www.google.com/search?q=aib+bank+in+dublin&sca_esv=574165402&biw=1711&bih=790&tbm=lcl&ei=xNwuZcv5JLimhbIPs7aYqAw&ved=0ahUKEwjL65uB5f2BAxU4U0EAHTMbBsUQ4dUDCAk&uact=5&oq=aib+bank+in+dublin&gs_lp=Eg1nd3Mtd2l6LWxvY2FsIhJhaWIgYmFuayBpbiBkdWJsaW4yBRAAGIAEMggQABiKBRiRAjIFEAAYgAQyBBAAGB4yBhAAGAUYHjICECYyAhAmMgIQJjICECYyAhAmSNEJUKUHWKUHcAB4AJABAJgBmQKgAegDqgEDMi0yuAEDyAEA-AEBwgIHEAAYDRiABMICBhAAGB4YDcICCBAAGIoFGIYDiAYB&sclient=gws-wiz-local#,Directions
AIB Merchant Services,County Dublin · (0818) 021 062,⋅ Opens 9 a.m. Wed,Closed,http://www.aibms.com/,Website,https://www.google.com/search?q=aib+bank+in+dublin&sca_esv=574165402&biw=1711&bih=790&tbm=lcl&ei=xNwuZcv5JLimhbIPs7aYqAw&ved=0ahUKEwjL65uB5f2BAxU4U0EAHTMbBsUQ4dUDCAk&uact=5&oq=aib+bank+in+dublin&gs_lp=Eg1nd3Mtd2l6LWxvY2FsIhJhaWIgYmFuayBpbiBkdWJsaW4yBRAAGIAEMggQABiKBRiRAjIFEAAYgAQyBBAAGB4yBhAAGAUYHjICECYyAhAmMgIQJjICECYyAhAmSNEJUKUHWKUHcAB4AJABAJgBmQKgAegDqgEDMi0yuAEDyAEA-AEBwgIHEAAYDRiABMICBhAAGB4YDcICCBAAGIoFGIYDiAYB&sclient=gws-wiz-local#,Directions
AIB ATM Main Street Lucan,Dublin · (0818) 724 724,Open 24 hours,,https://aib.ie/?atmsearch,Website,https://www.google.com/search?q=aib+bank+in+dublin&sca_esv=574165402&biw=1711&bih=790&tbm=lcl&ei=xNwuZcv5JLimhbIPs7aYqAw&ved=0ahUKEwjL65uB5f2BAxU4U0EAHTMbBsUQ4dUDCAk&uact=5&oq=aib+bank+in+dublin&gs_lp=Eg1nd3Mtd2l6LWxvY2FsIhJhaWIgYmFuayBpbiBkdWJsaW4yBRAAGIAEMggQABiKBRiRAjIFEAAYgAQyBBAAGB4yBhAAGAUYHjICECYyAhAmMgIQJjICECYyAhAmSNEJUKUHWKUHcAB4AJABAJgBmQKgAegDqgEDMi0yuAEDyAEA-AEBwgIHEAAYDRiABMICBhAAGB4YDcICCBAAGIoFGIYDiAYB&sclient=gws-wiz-local#,Directions
"Allied Irish Banks, Public Limited Company",10 Molesworth Pl,,,,,https://www.google.com/search?q=aib+bank+in+dublin&sca_esv=574165402&biw=1711&bih=790&tbm=lcl&ei=xNwuZcv5JLimhbIPs7aYqAw&ved=0ahUKEwjL65uB5f2BAxU4U0EAHTMbBsUQ4dUDCAk&uact=5&oq=aib+bank+in+dublin&gs_lp=Eg1nd3Mtd2l6LWxvY2FsIhJhaWIgYmFuayBpbiBkdWJsaW4yBRAAGIAEMggQABiKBRiRAjIFEAAYgAQyBBAAGB4yBhAAGAUYHjICECYyAhAmMgIQJjICECYyAhAmSNEJUKUHWKUHcAB4AJABAJgBmQKgAegDqgEDMi0yuAEDyAEA-AEBwgIHEAAYDRiABMICBhAAGB4YDcICCBAAGIoFGIYDiAYB&sclient=gws-wiz-local#,Directions
AIB Head Office,10 Molesworth Pl · (01) 660 0311,⋅ Opens 9 a.m. Wed,Closed,http://www.aib.ie/,Website,https://www.google.com/search?q=aib+bank+in+dublin&sca_esv=574165402&biw=1711&bih=790&tbm=lcl&ei=xNwuZcv5JLimhbIPs7aYqAw&ved=0ahUKEwjL65uB5f2BAxU4U0EAHTMbBsUQ4dUDCAk&uact=5&oq=aib+bank+in+dublin&gs_lp=Eg1nd3Mtd2l6LWxvY2FsIhJhaWIgYmFuayBpbiBkdWJsaW4yBRAAGIAEMggQABiKBRiRAjIFEAAYgAQyBBAAGB4yBhAAGAUYHjICECYyAhAmMgIQJjICECYyAhAmSNEJUKUHWKUHcAB4AJABAJgBmQKgAegDqgEDMi0yuAEDyAEA-AEBwgIHEAAYDRiABMICBhAAGB4YDcICCBAAGIoFGIYDiAYB&sclient=gws-wiz-local#,Directions
AIB ATM Clonee,Dublin · (0818) 724 724,Open 24 hours,,https://aib.ie/?atmsearch,Website,https://www.google.com/search?q=aib+bank+in+dublin&sca_esv=574165402&biw=1711&bih=790&tbm=lcl&ei=xNwuZcv5JLimhbIPs7aYqAw&ved=0ahUKEwjL65uB5f2BAxU4U0EAHTMbBsUQ4dUDCAk&uact=5&oq=aib+bank+in+dublin&gs_lp=Eg1nd3Mtd2l6LWxvY2FsIhJhaWIgYmFuayBpbiBkdWJsaW4yBRAAGIAEMggQABiKBRiRAjIFEAAYgAQyBBAAGB4yBhAAGAUYHjICECYyAhAmMgIQJjICECYyAhAmSNEJUKUHWKUHcAB4AJABAJgBmQKgAegDqgEDMi0yuAEDyAEA-AEBwgIHEAAYDRiABMICBhAAGB4YDcICCBAAGIoFGIYDiAYB&sclient=gws-wiz-local#,Directions
AIB ATM Swords Main Street,Dublin · (0818) 724 724,Open 24 hours,,https://aib.ie/?atmsearch,Website,https://www.google.com/search?q=aib+bank+in+dublin&sca_esv=574165402&biw=1711&bih=790&tbm=lcl&ei=xNwuZcv5JLimhbIPs7aYqAw&ved=0ahUKEwjL65uB5f2BAxU4U0EAHTMbBsUQ4dUDCAk&uact=5&oq=aib+bank+in+dublin&gs_lp=Eg1nd3Mtd2l6LWxvY2FsIhJhaWIgYmFuayBpbiBkdWJsaW4yBRAAGIAEMggQABiKBRiRAjIFEAAYgAQyBBAAGB4yBhAAGAUYHjICECYyAhAmMgIQJjICECYyAhAmSNEJUKUHWKUHcAB4AJABAJgBmQKgAegDqgEDMi0yuAEDyAEA-AEBwgIHEAAYDRiABMICBhAAGB4YDcICCBAAGIoFGIYDiAYB&sclient=gws-wiz-local#,Directions
AIB ATM Applewood,Dublin · (0818) 724 724,Open 24 hours,,https://aib.ie/?atmsearch,Website,https://www.google.com/search?q=aib+bank+in+dublin&sca_esv=574165402&biw=1711&bih=790&tbm=lcl&ei=xNwuZcv5JLimhbIPs7aYqAw&ved=0ahUKEwjL65uB5f2BAxU4U0EAHTMbBsUQ4dUDCAk&uact=5&oq=aib+bank+in+dublin&gs_lp=Eg1nd3Mtd2l6LWxvY2FsIhJhaWIgYmFuayBpbiBkdWJsaW4yBRAAGIAEMggQABiKBRiRAjIFEAAYgAQyBBAAGB4yBhAAGAUYHjICECYyAhAmMgIQJjICECYyAhAmSNEJUKUHWKUHcAB4AJABAJgBmQKgAegDqgEDMi0yuAEDyAEA-AEBwgIHEAAYDRiABMICBhAAGB4YDcICCBAAGIoFGIYDiAYB&sclient=gws-wiz-local#,Directions
AIB Bank,"Leixlip, County Kildare · (01) 624 4949",⋅ Opens 10 a.m. Wed,Closed,https://branches.aib.ie/kildare/leixlip/main-street?utm_source=google&utm_medium=yext&y_source=1_NDc1NDE0NTYtNzE1LWxvY2F0aW9uLndlYnNpdGU%3D,Website,https://www.google.com/search?q=aib+bank+in+dublin&sca_esv=574165402&biw=1711&bih=790&tbm=lcl&ei=xNwuZcv5JLimhbIPs7aYqAw&ved=0ahUKEwjL65uB5f2BAxU4U0EAHTMbBsUQ4dUDCAk&uact=5&oq=aib+bank+in+dublin&gs_lp=Eg1nd3Mtd2l6LWxvY2FsIhJhaWIgYmFuayBpbiBkdWJsaW4yBRAAGIAEMggQABiKBRiRAjIFEAAYgAQyBBAAGB4yBhAAGAUYHjICECYyAhAmMgIQJjICECYyAhAmSNEJUKUHWKUHcAB4AJABAJgBmQKgAegDqgEDMi0yuAEDyAEA-AEBwgIHEAAYDRiABMICBhAAGB4YDcICCBAAGIoFGIYDiAYB&sclient=gws-wiz-local#,Directions
AIB ATM Donabate Town Centre,"Donabate Town Centre, Main St · (0818) 724 724",Open 24 hours,,https://aib.ie/?atmsearch,Website,https://www.google.com/search?q=aib+bank+in+dublin&sca_esv=574165402&biw=1711&bih=790&tbm=lcl&ei=xNwuZcv5JLimhbIPs7aYqAw&ved=0ahUKEwjL65uB5f2BAxU4U0EAHTMbBsUQ4dUDCAk&uact=5&oq=aib+bank+in+dublin&gs_lp=Eg1nd3Mtd2l6LWxvY2FsIhJhaWIgYmFuayBpbiBkdWJsaW4yBRAAGIAEMggQABiKBRiRAjIFEAAYgAQyBBAAGB4yBhAAGAUYHjICECYyAhAmMgIQJjICECYyAhAmSNEJUKUHWKUHcAB4AJABAJgBmQKgAegDqgEDMi0yuAEDyAEA-AEBwgIHEAAYDRiABMICBhAAGB4YDcICCBAAGIoFGIYDiAYB&sclient=gws-wiz-local#,Directions
AIB,Central Park · (01) 660 0311,,Temporarily closed,https://aib.ie/investorrelations/contact-details,Website,https://www.google.com/search?q=aib+bank+in+dublin&sca_esv=574165402&biw=1711&bih=790&tbm=lcl&ei=xNwuZcv5JLimhbIPs7aYqAw&ved=0ahUKEwjL65uB5f2BAxU4U0EAHTMbBsUQ4dUDCAk&uact=5&oq=aib+bank+in+dublin&gs_lp=Eg1nd3Mtd2l6LWxvY2FsIhJhaWIgYmFuayBpbiBkdWJsaW4yBRAAGIAEMggQABiKBRiRAjIFEAAYgAQyBBAAGB4yBhAAGAUYHjICECYyAhAmMgIQJjICECYyAhAmSNEJUKUHWKUHcAB4AJABAJgBmQKgAegDqgEDMi0yuAEDyAEA-AEBwgIHEAAYDRiABMICBhAAGB4YDcICCBAAGIoFGIYDiAYB&sclient=gws-wiz-local#,Directions
AIB Bank,"Ashbourne, County Meath · (01) 835 0203",⋅ Opens 10 a.m. Wed,Closed,https://branches.aib.ie/meath/ashbourne/frederick-street?utm_source=google&utm_medium=yext&y_source=1_NDc1NDEzMjQtNzE1LWxvY2F0aW9uLndlYnNpdGU%3D,Website,https://www.google.com/search?q=aib+bank+in+dublin&sca_esv=574165402&biw=1711&bih=790&tbm=lcl&ei=xNwuZcv5JLimhbIPs7aYqAw&ved=0ahUKEwjL65uB5f2BAxU4U0EAHTMbBsUQ4dUDCAk&uact=5&oq=aib+bank+in+dublin&gs_lp=Eg1nd3Mtd2l6LWxvY2FsIhJhaWIgYmFuayBpbiBkdWJsaW4yBRAAGIAEMggQABiKBRiRAjIFEAAYgAQyBBAAGB4yBhAAGAUYHjICECYyAhAmMgIQJjICECYyAhAmSNEJUKUHWKUHcAB4AJABAJgBmQKgAegDqgEDMi0yuAEDyAEA-AEBwgIHEAAYDRiABMICBhAAGB4YDcICCBAAGIoFGIYDiAYB&sclient=gws-wiz-local#,Directions
AIB,Dublin 4,,Temporarily closed,,,https://www.google.com/search?q=aib+bank+in+dublin&sca_esv=574165402&biw=1711&bih=790&tbm=lcl&ei=xNwuZcv5JLimhbIPs7aYqAw&ved=0ahUKEwjL65uB5f2BAxU4U0EAHTMbBsUQ4dUDCAk&uact=5&oq=aib+bank+in+dublin&gs_lp=Eg1nd3Mtd2l6LWxvY2FsIhJhaWIgYmFuayBpbiBkdWJsaW4yBRAAGIAEMggQABiKBRiRAjIFEAAYgAQyBBAAGB4yBhAAGAUYHjICECYyAhAmMgIQJjICECYyAhAmSNEJUKUHWKUHcAB4AJABAJgBmQKgAegDqgEDMi0yuAEDyAEA-AEBwgIHEAAYDRiABMICBhAAGB4YDcICCBAAGIoFGIYDiAYB&sclient=gws-wiz-local#,Directions